wr_id	title	category	source_filename	status	asset_key	resource_path	detail_url	file_url	notes
1	무예24기-장창	무기류	Jangchang.zip	imported_direct_fbx	SM_CM_Object_001	HanokAssets/CultureMetaverse/Props/ObjectDirectFBX/SM_CM_Object_001/SM_CM_Object_001	https://www.culture.go.kr/datametaverse/bbs/board.php?bo_table=object&wr_id=1	https://www.culture.go.kr/datametaverse/data/file/object/Jangchang.zip
2	무예24기-기창	무기류	Gichang.zip	imported_direct_fbx	SM_CM_Object_002	HanokAssets/CultureMetaverse/Props/ObjectDirectFBX/SM_CM_Object_002/SM_CM_Object_002	https://www.culture.go.kr/datametaverse/bbs/board.php?bo_table=object&wr_id=2	https://www.culture.go.kr/datametaverse/data/file/object/Gichang.zip
3	무예24기-당파	무기류	Dangpa.zip	imported_direct_fbx	SM_CM_Object_003	HanokAssets/CultureMetaverse/Props/ObjectDirectFBX/SM_CM_Object_003/SM_CM_Object_003	https://www.culture.go.kr/datametaverse/bbs/board.php?bo_table=object&wr_id=3	https://www.culture.go.kr/datametaverse/data/file/object/Dangpa.zip
4	무예24기-낭선	무기류	Nangseon.zip	imported_direct_fbx	SM_CM_Object_004	HanokAssets/CultureMetaverse/Props/ObjectDirectFBX/SM_CM_Object_004/SM_CM_Object_004	https://www.culture.go.kr/datametaverse/bbs/board.php?bo_table=object&wr_id=4	https://www.culture.go.kr/datametaverse/data/file/object/Nangseon.zip
5	무예24기-쌍수도	무기류	Ssangsudo.zip	imported_direct_fbx	SM_CM_Object_005	HanokAssets/CultureMetaverse/Props/ObjectDirectFBX/SM_CM_Object_005/SM_CM_Object_005	https://www.culture.go.kr/datametaverse/bbs/board.php?bo_table=object&wr_id=5	https://www.culture.go.kr/datametaverse/data/file/object/Ssangsudo.zip
6	무예24기-쌍검	무기류	Ssanggeom.zip	imported_direct_fbx	SM_CM_Object_006	HanokAssets/CultureMetaverse/Props/ObjectDirectFBX/SM_CM_Object_006/SM_CM_Object_006	https://www.culture.go.kr/datametaverse/bbs/board.php?bo_table=object&wr_id=6	https://www.culture.go.kr/datametaverse/data/file/object/Ssanggeom.zip
7	무예24기-월도	무기류	Woldo.zip	imported_direct_fbx	SM_CM_Object_007	HanokAssets/CultureMetaverse/Props/ObjectDirectFBX/SM_CM_Object_007/SM_CM_Object_007	https://www.culture.go.kr/datametaverse/bbs/board.php?bo_table=object&wr_id=7	https://www.culture.go.kr/datametaverse/data/file/object/Woldo.zip
8	무예24기-협도	무기류	Hyeopdo.zip	imported_direct_fbx	SM_CM_Object_008	HanokAssets/CultureMetaverse/Props/ObjectDirectFBX/SM_CM_Object_008/SM_CM_Object_008	https://www.culture.go.kr/datametaverse/bbs/board.php?bo_table=object&wr_id=8	https://www.culture.go.kr/datametaverse/data/file/object/Hyeopdo.zip
9	무예24기-등패	무기류	Deungpae.zip	imported_direct_fbx	SM_CM_Object_009	HanokAssets/CultureMetaverse/Props/ObjectDirectFBX/SM_CM_Object_009/SM_CM_Object_009	https://www.culture.go.kr/datametaverse/bbs/board.php?bo_table=object&wr_id=9	https://www.culture.go.kr/datametaverse/data/file/object/Deungpae.zip
10	무예24기-곤방	무기류	Gonbang.zip	imported_direct_fbx	SM_CM_Object_010	HanokAssets/CultureMetaverse/Props/ObjectDirectFBX/SM_CM_Object_010/SM_CM_Object_010	https://www.culture.go.kr/datametaverse/bbs/board.php?bo_table=object&wr_id=10	https://www.culture.go.kr/datametaverse/data/file/object/Gonbang.zip
11	무예24기-환도	무기류	Hwando.zip	imported_direct_fbx	SM_CM_Object_011	HanokAssets/CultureMetaverse/Props/ObjectDirectFBX/SM_CM_Object_011/SM_CM_Object_011	https://www.culture.go.kr/datametaverse/bbs/board.php?bo_table=object&wr_id=11	https://www.culture.go.kr/datametaverse/data/file/object/Hwando.zip
12	수원화성행궁-거중기	시설.장비류	SM_Geojunggi.zip	imported_direct_fbx	SM_CM_Object_012	HanokAssets/CultureMetaverse/Props/ObjectDirectFBX/SM_CM_Object_012/SM_CM_Object_012	https://www.culture.go.kr/datametaverse/bbs/board.php?bo_table=object&wr_id=12	https://www.culture.go.kr/datametaverse/data/file/object/SM_Geojunggi.zip
13	수원화성행궁-녹로	시설.장비류	SM_Noglo.zip	imported_direct_fbx	SM_CM_Object_013	HanokAssets/CultureMetaverse/Props/ObjectDirectFBX/SM_CM_Object_013/SM_CM_Object_013	https://www.culture.go.kr/datametaverse/bbs/board.php?bo_table=object&wr_id=13	https://www.culture.go.kr/datametaverse/data/file/object/SM_Noglo.zip
14	김포통진-가래(GalaeShovel)	시설.장비류	GalaeShovel.zip	represented_by_festival_package			https://www.culture.go.kr/datametaverse/bbs/board.php?bo_table=object&wr_id=14	https://www.culture.go.kr/datametaverse/data/file/object/GalaeShovel.zip	KoreanTraditionalFestival package is expanded into multiple prefabs.
15	김포통진-종가래(JonggalaeShovel)	시설.장비류	JonggalaeShovel.zip	represented_by_festival_package			https://www.culture.go.kr/datametaverse/bbs/board.php?bo_table=object&wr_id=15	https://www.culture.go.kr/datametaverse/data/file/object/JonggalaeShovel.zip	KoreanTraditionalFestival package is expanded into multiple prefabs.
16	김포통진-밀대(MildaeMop)	시설.장비류	MildaeMop.zip	represented_by_festival_package			https://www.culture.go.kr/datametaverse/bbs/board.php?bo_table=object&wr_id=16	https://www.culture.go.kr/datametaverse/data/file/object/MildaeMop.zip	KoreanTraditionalFestival package is expanded into multiple prefabs.
17	김포통진-조롱태기(JolongtaegiBag)	시설.장비류	JolongtaegiBag.zip	represented_by_festival_package			https://www.culture.go.kr/datametaverse/bbs/board.php?bo_table=object&wr_id=17	https://www.culture.go.kr/datametaverse/data/file/object/JolongtaegiBag.zip	KoreanTraditionalFestival package is expanded into multiple prefabs.
18	김포통진-화승(Torch)	시설.장비류	Torch.zip	represented_by_festival_package			https://www.culture.go.kr/datametaverse/bbs/board.php?bo_table=object&wr_id=18	https://www.culture.go.kr/datametaverse/data/file/object/Torch.zip	KoreanTraditionalFestival package is expanded into multiple prefabs.
19	김포통진-판애박(PanaebagLadle)	시설.장비류	PanaebagLadle.zip	represented_by_festival_package			https://www.culture.go.kr/datametaverse/bbs/board.php?bo_table=object&wr_id=19	https://www.culture.go.kr/datametaverse/data/file/object/PanaebagLadle.zip	KoreanTraditionalFestival package is expanded into multiple prefabs.
20	김포통진-용두레(YongduleLadle)	시설.장비류	YongduleLadle.zip	represented_by_festival_package			https://www.culture.go.kr/datametaverse/bbs/board.php?bo_table=object&wr_id=20	https://www.culture.go.kr/datametaverse/data/file/object/YongduleLadle.zip	KoreanTraditionalFestival package is expanded into multiple prefabs.
21	김포통진-갈퀴(Rake)	시설.장비류	Rake.zip	represented_by_festival_package			https://www.culture.go.kr/datametaverse/bbs/board.php?bo_table=object&wr_id=21	https://www.culture.go.kr/datametaverse/data/file/object/Rake.zip	KoreanTraditionalFestival package is expanded into multiple prefabs.
22	김포통진-벼 모종(RiceSeedlings)	시설.장비류	RiceSeedlings.zip	represented_by_festival_package			https://www.culture.go.kr/datametaverse/bbs/board.php?bo_table=object&wr_id=22	https://www.culture.go.kr/datametaverse/data/file/object/RiceSeedlings.zip	KoreanTraditionalFestival package is expanded into multiple prefabs.
23	김포통진-똬리(TtwaliPedestal)	시설.장비류	TtwaliPedestal.zip	represented_by_festival_package			https://www.culture.go.kr/datametaverse/bbs/board.php?bo_table=object&wr_id=23	https://www.culture.go.kr/datametaverse/data/file/object/TtwaliPedestal.zip	KoreanTraditionalFestival package is expanded into multiple prefabs.
24	김포통진-광주리(Hamper)	시설.장비류	Hamper.zip	represented_by_festival_package			https://www.culture.go.kr/datametaverse/bbs/board.php?bo_table=object&wr_id=24	https://www.culture.go.kr/datametaverse/data/file/object/Hamper.zip	KoreanTraditionalFestival package is expanded into multiple prefabs.
25	김포통진-채반(Tray)	시설.장비류	Tray.zip	represented_by_festival_package			https://www.culture.go.kr/datametaverse/bbs/board.php?bo_table=object&wr_id=25	https://www.culture.go.kr/datametaverse/data/file/object/Tray.zip	KoreanTraditionalFestival package is expanded into multiple prefabs.
26	김포통진-삼태기(SamtaegiTray)	시설.장비류	SamtaegiTray.zip	represented_by_festival_package			https://www.culture.go.kr/datametaverse/bbs/board.php?bo_table=object&wr_id=26	https://www.culture.go.kr/datametaverse/data/file/object/SamtaegiTray.zip	KoreanTraditionalFestival package is expanded into multiple prefabs.
27	김포통진-우장(UjangRaincoat)	시설.장비류	UjangRaincoat.zip	represented_by_festival_package			https://www.culture.go.kr/datametaverse/bbs/board.php?bo_table=object&wr_id=27	https://www.culture.go.kr/datametaverse/data/file/object/UjangRaincoat.zip	KoreanTraditionalFestival package is expanded into multiple prefabs.
28	김포통진-볏섬(SackOfRice)	시설.장비류	SackOfRice.zip	represented_by_festival_package			https://www.culture.go.kr/datametaverse/bbs/board.php?bo_table=object&wr_id=28	https://www.culture.go.kr/datametaverse/data/file/object/SackOfRice.zip	KoreanTraditionalFestival package is expanded into multiple prefabs.
29	김포통진-조롱박(CucurbitBucket)	시설.장비류	CucurbitBucket.zip	represented_by_festival_package			https://www.culture.go.kr/datametaverse/bbs/board.php?bo_table=object&wr_id=29	https://www.culture.go.kr/datametaverse/data/file/object/CucurbitBucket.zip	KoreanTraditionalFestival package is expanded into multiple prefabs.
30	김포통진-두트래방석(DuteuleCushion)	시설.장비류	DuteuleCushion.zip	represented_by_festival_package			https://www.culture.go.kr/datametaverse/bbs/board.php?bo_table=object&wr_id=30	https://www.culture.go.kr/datametaverse/data/file/object/DuteuleCushion.zip	KoreanTraditionalFestival package is expanded into multiple prefabs.
31	김포통진-소(Cow)	시설.장비류	Cow.zip	represented_by_festival_package			https://www.culture.go.kr/datametaverse/bbs/board.php?bo_table=object&wr_id=31	https://www.culture.go.kr/datametaverse/data/file/object/Cow.zip	KoreanTraditionalFestival package is expanded into multiple prefabs.
32	김포통진-도리깨(Flail)	시설.장비류	Flail.zip	represented_by_festival_package			https://www.culture.go.kr/datametaverse/bbs/board.php?bo_table=object&wr_id=32	https://www.culture.go.kr/datametaverse/data/file/object/Flail.zip	KoreanTraditionalFestival package is expanded into multiple prefabs.
33	김포통진-알둥우리(EggBag)	시설.장비류	EggBag.zip	represented_by_festival_package			https://www.culture.go.kr/datametaverse/bbs/board.php?bo_table=object&wr_id=33	https://www.culture.go.kr/datametaverse/data/file/object/EggBag.zip	KoreanTraditionalFestival package is expanded into multiple prefabs.
34	김포통진-시루밑(FoodMesh)	시설.장비류	FoodMesh.zip	represented_by_festival_package			https://www.culture.go.kr/datametaverse/bbs/board.php?bo_table=object&wr_id=34	https://www.culture.go.kr/datametaverse/data/file/object/FoodMesh.zip	KoreanTraditionalFestival package is expanded into multiple prefabs.
35	김포통진-바구니(Basket)	시설.장비류	Basket.zip	represented_by_festival_package			https://www.culture.go.kr/datametaverse/bbs/board.php?bo_table=object&wr_id=35	https://www.culture.go.kr/datametaverse/data/file/object/Basket.zip	KoreanTraditionalFestival package is expanded into multiple prefabs.
36	김포통진-홀태(Thresher)	시설.장비류	Thresher.zip	represented_by_festival_package			https://www.culture.go.kr/datametaverse/bbs/board.php?bo_table=object&wr_id=36	https://www.culture.go.kr/datametaverse/data/file/object/Thresher.zip	KoreanTraditionalFestival package is expanded into multiple prefabs.
37	김포통진-지게등태(CarrierCushion)	시설.장비류	CarrierCushion.zip	represented_by_festival_package			https://www.culture.go.kr/datametaverse/bbs/board.php?bo_table=object&wr_id=37	https://www.culture.go.kr/datametaverse/data/file/object/CarrierCushion.zip	KoreanTraditionalFestival package is expanded into multiple prefabs.
38	김포통진-새끼줄(Rope)	시설.장비류	Rope.zip	represented_by_festival_package			https://www.culture.go.kr/datametaverse/bbs/board.php?bo_table=object&wr_id=38	https://www.culture.go.kr/datametaverse/data/file/object/Rope.zip	KoreanTraditionalFestival package is expanded into multiple prefabs.
39	김포통진-가래줄(GalaeRope)	시설.장비류	GalaeRope.zip	represented_by_festival_package			https://www.culture.go.kr/datametaverse/bbs/board.php?bo_table=object&wr_id=39	https://www.culture.go.kr/datametaverse/data/file/object/GalaeRope.zip	KoreanTraditionalFestival package is expanded into multiple prefabs.
40	김포통진-지게(FrameCarrier)	시설.장비류	FrameCarrier.zip	represented_by_festival_package			https://www.culture.go.kr/datametaverse/bbs/board.php?bo_table=object&wr_id=40	https://www.culture.go.kr/datametaverse/data/file/object/FrameCarrier.zip	KoreanTraditionalFestival package is expanded into multiple prefabs.
41	김포통진-끌개(PullCar)	시설.장비류	PullCar.zip	represented_by_festival_package			https://www.culture.go.kr/datametaverse/bbs/board.php?bo_table=object&wr_id=41	https://www.culture.go.kr/datametaverse/data/file/object/PullCar.zip	KoreanTraditionalFestival package is expanded into multiple prefabs.
42	김포통진-부뚜(ThreshingFan)	시설.장비류	ThreshingFan.zip	represented_by_festival_package			https://www.culture.go.kr/datametaverse/bbs/board.php?bo_table=object&wr_id=42	https://www.culture.go.kr/datametaverse/data/file/object/ThreshingFan.zip	KoreanTraditionalFestival package is expanded into multiple prefabs.
43	김포통진-똬리태줄(TtwalitaeRope)	시설.장비류	TtwalitaeRope.zip	represented_by_festival_package			https://www.culture.go.kr/datametaverse/bbs/board.php?bo_table=object&wr_id=43	https://www.culture.go.kr/datametaverse/data/file/object/TtwalitaeRope.zip	KoreanTraditionalFestival package is expanded into multiple prefabs.
44	김포통진-논호미(KoreanHandPlow)	시설.장비류	KoreanHandPlow.zip	represented_by_festival_package			https://www.culture.go.kr/datametaverse/bbs/board.php?bo_table=object&wr_id=44	https://www.culture.go.kr/datametaverse/data/file/object/KoreanHandPlow.zip	KoreanTraditionalFestival package is expanded into multiple prefabs.
45	김포통진-낫(Sickle)	시설.장비류	Sickle.zip	represented_by_festival_package			https://www.culture.go.kr/datametaverse/bbs/board.php?bo_table=object&wr_id=45	https://www.culture.go.kr/datametaverse/data/file/object/Sickle.zip	KoreanTraditionalFestival package is expanded into multiple prefabs.
46	김포통진-벼(Rice)	시설.장비류	Rice.zip	represented_by_festival_package			https://www.culture.go.kr/datametaverse/bbs/board.php?bo_table=object&wr_id=46	https://www.culture.go.kr/datametaverse/data/file/object/Rice.zip	KoreanTraditionalFestival package is expanded into multiple prefabs.
47	김포통진-볏단(SheafOfRice)	시설.장비류	SheafOfRice.zip	represented_by_festival_package			https://www.culture.go.kr/datametaverse/bbs/board.php?bo_table=object&wr_id=47	https://www.culture.go.kr/datametaverse/data/file/object/SheafOfRice.zip	KoreanTraditionalFestival package is expanded into multiple prefabs.
48	김포통진-허수아비(Scarecrow)	시설.장비류	Scarecrow.zip	represented_by_festival_package			https://www.culture.go.kr/datametaverse/bbs/board.php?bo_table=object&wr_id=48	https://www.culture.go.kr/datametaverse/data/file/object/Scarecrow.zip	KoreanTraditionalFestival package is expanded into multiple prefabs.
49	김포통진-노적가리(Haystack)	시설.장비류	Haystack.zip	represented_by_festival_package			https://www.culture.go.kr/datametaverse/bbs/board.php?bo_table=object&wr_id=49	https://www.culture.go.kr/datametaverse/data/file/object/Haystack.zip	KoreanTraditionalFestival package is expanded into multiple prefabs.
50	김포통진-벼가마니(RiceBale)	시설.장비류	RiceBale.zip	represented_by_festival_package			https://www.culture.go.kr/datametaverse/bbs/board.php?bo_table=object&wr_id=50	https://www.culture.go.kr/datametaverse/data/file/object/RiceBale.zip	KoreanTraditionalFestival package is expanded into multiple prefabs.
51	김포통진-수수빗자루(SorghumBroom)	시설.장비류	SorghumBroom.zip	represented_by_festival_package			https://www.culture.go.kr/datametaverse/bbs/board.php?bo_table=object&wr_id=51	https://www.culture.go.kr/datametaverse/data/file/object/SorghumBroom.zip	KoreanTraditionalFestival package is expanded into multiple prefabs.
52	김포통진-멍석(MeongseogMat)	시설.장비류	MeongseogMat.zip	represented_by_festival_package			https://www.culture.go.kr/datametaverse/bbs/board.php?bo_table=object&wr_id=52	https://www.culture.go.kr/datametaverse/data/file/object/MeongseogMat.zip	KoreanTraditionalFestival package is expanded into multiple prefabs.
53	김포통진-돗자리(DosjaliMat)	시설.장비류	DosjaliMat.zip	represented_by_festival_package			https://www.culture.go.kr/datametaverse/bbs/board.php?bo_table=object&wr_id=53	https://www.culture.go.kr/datametaverse/data/file/object/DosjaliMat.zip	KoreanTraditionalFestival package is expanded into multiple prefabs.
54	김포통진-줄부채(LineFan)	시설.장비류	LineFan.zip	represented_by_festival_package			https://www.culture.go.kr/datametaverse/bbs/board.php?bo_table=object&wr_id=54	https://www.culture.go.kr/datametaverse/data/file/object/LineFan.zip	KoreanTraditionalFestival package is expanded into multiple prefabs.
55	김포통진-써래(SseolaeHarrow)	시설.장비류	SseolaeHarrow.zip	represented_by_festival_package			https://www.culture.go.kr/datametaverse/bbs/board.php?bo_table=object&wr_id=55	https://www.culture.go.kr/datametaverse/data/file/object/SseolaeHarrow.zip	KoreanTraditionalFestival package is expanded into multiple prefabs.
56	김포통진-쟁기(JaenggiPlow)	시설.장비류	JaenggiPlow.zip	represented_by_festival_package			https://www.culture.go.kr/datametaverse/bbs/board.php?bo_table=object&wr_id=56	https://www.culture.go.kr/datametaverse/data/file/object/JaenggiPlow.zip	KoreanTraditionalFestival package is expanded into multiple prefabs.
57	김포통진-발채(BalchaeSaddle)	시설.장비류	BalchaeSaddle.zip	represented_by_festival_package			https://www.culture.go.kr/datametaverse/bbs/board.php?bo_table=object&wr_id=57	https://www.culture.go.kr/datametaverse/data/file/object/BalchaeSaddle.zip	KoreanTraditionalFestival package is expanded into multiple prefabs.
58	김포통진-부리망(BulimangMuzzle)	시설.장비류	BulimangMuzzle.zip	represented_by_festival_package			https://www.culture.go.kr/datametaverse/bbs/board.php?bo_table=object&wr_id=58	https://www.culture.go.kr/datametaverse/data/file/object/BulimangMuzzle.zip	KoreanTraditionalFestival package is expanded into multiple prefabs.
59	김포통진-저울(Scale)	시설.장비류	Scale.zip	represented_by_festival_package			https://www.culture.go.kr/datametaverse/bbs/board.php?bo_table=object&wr_id=59	https://www.culture.go.kr/datametaverse/data/file/object/Scale.zip	KoreanTraditionalFestival package is expanded into multiple prefabs.
60	김포통진-방갓(BanggatHat)	시설.장비류	BanggatHat.zip	represented_by_festival_package			https://www.culture.go.kr/datametaverse/bbs/board.php?bo_table=object&wr_id=60	https://www.culture.go.kr/datametaverse/data/file/object/BanggatHat.zip	KoreanTraditionalFestival package is expanded into multiple prefabs.
61	김포통진-키(Winnower)	시설.장비류	Winnower.zip	represented_by_festival_package			https://www.culture.go.kr/datametaverse/bbs/board.php?bo_table=object&wr_id=61	https://www.culture.go.kr/datametaverse/data/file/object/Winnower.zip	KoreanTraditionalFestival package is expanded into multiple prefabs.
62	김포통진-거무래(GomulaeRake)	시설.장비류	GomulaeRake.zip	represented_by_festival_package			https://www.culture.go.kr/datametaverse/bbs/board.php?bo_table=object&wr_id=62	https://www.culture.go.kr/datametaverse/data/file/object/GomulaeRake.zip	KoreanTraditionalFestival package is expanded into multiple prefabs.
63	김포통진-메(MeHammer)	시설.장비류	MeHammer.zip	represented_by_festival_package			https://www.culture.go.kr/datametaverse/bbs/board.php?bo_table=object&wr_id=63	https://www.culture.go.kr/datametaverse/data/file/object/MeHammer.zip	KoreanTraditionalFestival package is expanded into multiple prefabs.
64	김포통진-길마(GilmaSaddle)	시설.장비류	GilmaSaddle.zip	represented_by_festival_package			https://www.culture.go.kr/datametaverse/bbs/board.php?bo_table=object&wr_id=64	https://www.culture.go.kr/datametaverse/data/file/object/GilmaSaddle.zip	KoreanTraditionalFestival package is expanded into multiple prefabs.
65	김포통진-섬(SackOfRice)	시설.장비류	Sack.zip	represented_by_festival_package			https://www.culture.go.kr/datametaverse/bbs/board.php?bo_table=object&wr_id=65	https://www.culture.go.kr/datametaverse/data/file/object/Sack.zip	KoreanTraditionalFestival package is expanded into multiple prefabs.
66	김포통진-절구(Mortar)	시설.장비류	Mortar.zip	represented_by_festival_package			https://www.culture.go.kr/datametaverse/bbs/board.php?bo_table=object&wr_id=66	https://www.culture.go.kr/datametaverse/data/file/object/Mortar.zip	KoreanTraditionalFestival package is expanded into multiple prefabs.
67	김포통진-절구 개상(JeolguThresher)	시설.장비류	JeolguThresher.zip	represented_by_festival_package			https://www.culture.go.kr/datametaverse/bbs/board.php?bo_table=object&wr_id=67	https://www.culture.go.kr/datametaverse/data/file/object/JeolguThresher.zip	KoreanTraditionalFestival package is expanded into multiple prefabs.
68	김포통진-등사기(DeungsagiFlag)	시설.장비류	DeungsagiFlag.zip	represented_by_festival_package			https://www.culture.go.kr/datametaverse/bbs/board.php?bo_table=object&wr_id=68	https://www.culture.go.kr/datametaverse/data/file/object/DeungsagiFlag.zip	KoreanTraditionalFestival package is expanded into multiple prefabs.
69	김포통진-청룡기(CheonglyonggiFlag)	시설.장비류	CheonglyonggiFlag.zip	represented_by_festival_package			https://www.culture.go.kr/datametaverse/bbs/board.php?bo_table=object&wr_id=69	https://www.culture.go.kr/datametaverse/data/file/object/CheonglyonggiFlag.zip	KoreanTraditionalFestival package is expanded into multiple prefabs.
70	김포통진-주작기(JujaggiFlag)	시설.장비류	JujaggiFlag.zip	represented_by_festival_package			https://www.culture.go.kr/datametaverse/bbs/board.php?bo_table=object&wr_id=70	https://www.culture.go.kr/datametaverse/data/file/object/JujaggiFlag.zip	KoreanTraditionalFestival package is expanded into multiple prefabs.
71	김포통진-현무기(HyeonmugiFlag)	시설.장비류	HyeonmugiFlag.zip	represented_by_festival_package			https://www.culture.go.kr/datametaverse/bbs/board.php?bo_table=object&wr_id=71	https://www.culture.go.kr/datametaverse/data/file/object/HyeonmugiFlag.zip	KoreanTraditionalFestival package is expanded into multiple prefabs.
72	김포통진-백호기(BaeghogiFlag)	시설.장비류	BaeghogiFlag.zip	represented_by_festival_package			https://www.culture.go.kr/datametaverse/bbs/board.php?bo_table=object&wr_id=72	https://www.culture.go.kr/datametaverse/data/file/object/BaeghogiFlag.zip	KoreanTraditionalFestival package is expanded into multiple prefabs.
73	김포통진-영기_1(YeonggiFlag1)	시설.장비류	YeonggiFlag1.zip	represented_by_festival_package			https://www.culture.go.kr/datametaverse/bbs/board.php?bo_table=object&wr_id=73	https://www.culture.go.kr/datametaverse/data/file/object/YeonggiFlag1.zip	KoreanTraditionalFestival package is expanded into multiple prefabs.
74	김포통진-영기_2(YeonggiFlag2)	시설.장비류	YeonggiFlag2.zip	represented_by_festival_package			https://www.culture.go.kr/datametaverse/bbs/board.php?bo_table=object&wr_id=74	https://www.culture.go.kr/datametaverse/data/file/object/YeonggiFlag2.zip	KoreanTraditionalFestival package is expanded into multiple prefabs.
75	김포통진-농자천하지대본 두레기(DulegiFlag1)	시설.장비류	DulegiFlag1.zip	represented_by_festival_package			https://www.culture.go.kr/datametaverse/bbs/board.php?bo_table=object&wr_id=75	https://www.culture.go.kr/datametaverse/data/file/object/DulegiFlag1.zip	KoreanTraditionalFestival package is expanded into multiple prefabs.
76	김포통진-김포통진두레놀이 두레기(DulegiFlag2)	시설.장비류	DulegiFlag2.zip	represented_by_festival_package			https://www.culture.go.kr/datametaverse/bbs/board.php?bo_table=object&wr_id=76	https://www.culture.go.kr/datametaverse/data/file/object/DulegiFlag2.zip	KoreanTraditionalFestival package is expanded into multiple prefabs.
77	김포통진-남정골 마을기(TownFlag1)	시설.장비류	TownFlag1.zip	represented_by_festival_package			https://www.culture.go.kr/datametaverse/bbs/board.php?bo_table=object&wr_id=77	https://www.culture.go.kr/datametaverse/data/file/object/TownFlag1.zip	KoreanTraditionalFestival package is expanded into multiple prefabs.
78	김포통진-귀전리 마을기(TownFlag2)	시설.장비류	TownFlag2.zip	represented_by_festival_package			https://www.culture.go.kr/datametaverse/bbs/board.php?bo_table=object&wr_id=78	https://www.culture.go.kr/datametaverse/data/file/object/TownFlag2.zip	KoreanTraditionalFestival package is expanded into multiple prefabs.
79	김포통진-검바위 마을기(TownFlag3)	시설.장비류	TownFlag3.zip	represented_by_festival_package			https://www.culture.go.kr/datametaverse/bbs/board.php?bo_table=object&wr_id=79	https://www.culture.go.kr/datametaverse/data/file/object/TownFlag3.zip	KoreanTraditionalFestival package is expanded into multiple prefabs.
80	김포통진-도수레 마을기(TownFlag4)	시설.장비류	TownFlag4.zip	represented_by_festival_package			https://www.culture.go.kr/datametaverse/bbs/board.php?bo_table=object&wr_id=80	https://www.culture.go.kr/datametaverse/data/file/object/TownFlag4.zip	KoreanTraditionalFestival package is expanded into multiple prefabs.
81	김포통진두레놀이(언리얼엔진)	시설.장비류	KoreanTraditionalFestival.zip	package_only_not_expanded			https://www.culture.go.kr/datametaverse/bbs/board.php?bo_table=object&wr_id=81	https://www.culture.go.kr/datametaverse/data/file/object/KoreanTraditionalFestival.zip	Source is an engine package, not a single FBX asset for the module library.
82	김포통진두레놀이(유니티엔진)	시설.장비류	KTF_0205_Unity.zip	represented_by_festival_package			https://www.culture.go.kr/datametaverse/bbs/board.php?bo_table=object&wr_id=82	https://www.culture.go.kr/datametaverse/data/file/object/KTF_0205_Unity.zip	KoreanTraditionalFestival package is expanded into multiple prefabs.
83	수원화성행궁-느티나무_1	자연물	SM_Zelkova_01.zip	imported_direct_fbx	SM_CM_Object_083	HanokAssets/CultureMetaverse/Props/ObjectDirectFBX/SM_CM_Object_083/SM_CM_Object_083	https://www.culture.go.kr/datametaverse/bbs/board.php?bo_table=object&wr_id=83	https://www.culture.go.kr/datametaverse/data/file/object/SM_Zelkova_01.zip
84	수원화성행궁-느티나무_2	자연물	SM_Zelkova_02.zip	imported_direct_fbx	SM_CM_Object_084	HanokAssets/CultureMetaverse/Props/ObjectDirectFBX/SM_CM_Object_084/SM_CM_Object_084	https://www.culture.go.kr/datametaverse/bbs/board.php?bo_table=object&wr_id=84	https://www.culture.go.kr/datametaverse/data/file/object/SM_Zelkova_02.zip
85	수원화성행궁-관목	자연물	SM_Bush.zip	imported_direct_fbx	SM_CM_Object_085	HanokAssets/CultureMetaverse/Props/ObjectDirectFBX/SM_CM_Object_085/SM_CM_Object_085	https://www.culture.go.kr/datametaverse/bbs/board.php?bo_table=object&wr_id=85	https://www.culture.go.kr/datametaverse/data/file/object/SM_Bush.zip
86	수원화성행궁-잔디	자연물	SM_Grass.zip	imported_direct_fbx	SM_CM_Object_086	HanokAssets/CultureMetaverse/Props/ObjectDirectFBX/SM_CM_Object_086/SM_CM_Object_086	https://www.culture.go.kr/datametaverse/bbs/board.php?bo_table=object&wr_id=86	https://www.culture.go.kr/datametaverse/data/file/object/SM_Grass.zip
87	수원화성행궁-암석_1	자연물	SM_Rock_01.zip	imported_direct_fbx	SM_CM_Object_087	HanokAssets/CultureMetaverse/Props/ObjectDirectFBX/SM_CM_Object_087/SM_CM_Object_087	https://www.culture.go.kr/datametaverse/bbs/board.php?bo_table=object&wr_id=87	https://www.culture.go.kr/datametaverse/data/file/object/SM_Rock_01.zip
88	수원화성행궁-암석_2	자연물	SM_Rock_02.zip	imported_direct_fbx	SM_CM_Object_088	HanokAssets/CultureMetaverse/Props/ObjectDirectFBX/SM_CM_Object_088/SM_CM_Object_088	https://www.culture.go.kr/datametaverse/bbs/board.php?bo_table=object&wr_id=88	https://www.culture.go.kr/datametaverse/data/file/object/SM_Rock_02.zip
89	무예24기-홍철릭	의복류	Red_Uniform.zip	imported_direct_fbx	SM_CM_Object_089	HanokAssets/CultureMetaverse/Props/ObjectDirectFBX/SM_CM_Object_089/SM_CM_Object_089	https://www.culture.go.kr/datametaverse/bbs/board.php?bo_table=object&wr_id=89	https://www.culture.go.kr/datametaverse/data/file/object/Red_Uniform.zip
90	김포통진-민복[백의]	의복류	ClothWhite.zip	represented_by_festival_package			https://www.culture.go.kr/datametaverse/bbs/board.php?bo_table=object&wr_id=90	https://www.culture.go.kr/datametaverse/data/file/object/ClothWhite.zip	KoreanTraditionalFestival package is expanded into multiple prefabs.
91	김포통진-민복[황토의]	의복류	ClothYellow.zip	represented_by_festival_package			https://www.culture.go.kr/datametaverse/bbs/board.php?bo_table=object&wr_id=91	https://www.culture.go.kr/datametaverse/data/file/object/ClothYellow.zip	KoreanTraditionalFestival package is expanded into multiple prefabs.
92	김포통진-대감옷	의복류	ClothExcellency.zip	represented_by_festival_package			https://www.culture.go.kr/datametaverse/bbs/board.php?bo_table=object&wr_id=92	https://www.culture.go.kr/datametaverse/data/file/object/ClothExcellency.zip	KoreanTraditionalFestival package is expanded into multiple prefabs.
93	김포통진-아낙네복	의복류	ClothWomen.zip	imported_direct_fbx	SM_CM_Object_093	HanokAssets/CultureMetaverse/Props/ObjectDirectFBX/SM_CM_Object_093/SM_CM_Object_093	https://www.culture.go.kr/datametaverse/bbs/board.php?bo_table=object&wr_id=93	https://www.culture.go.kr/datametaverse/data/file/object/ClothWomen.zip
94	김포통진-짚신_1(StrawShoes_1)	의복류	StrawShoes_01.zip	represented_by_festival_package			https://www.culture.go.kr/datametaverse/bbs/board.php?bo_table=object&wr_id=94	https://www.culture.go.kr/datametaverse/data/file/object/StrawShoes_01.zip	KoreanTraditionalFestival package is expanded into multiple prefabs.
95	김포통진-짚신_2(StrawShoes_2)	의복류	StrawShoes_02.zip	represented_by_festival_package			https://www.culture.go.kr/datametaverse/bbs/board.php?bo_table=object&wr_id=95	https://www.culture.go.kr/datametaverse/data/file/object/StrawShoes_02.zip	KoreanTraditionalFestival package is expanded into multiple prefabs.
97	상호작용객체1 [25건] (유니티엔진)	시설.장비류	KT_Interactive_Props_1.unitypackage	package_only_not_expanded			https://www.culture.go.kr/datametaverse/bbs/board.php?bo_table=object&wr_id=97	https://www.culture.go.kr/datametaverse/data/file/building/2024_meta/KT_Interactive_Props_1.unitypackage	Source is an engine package, not a single FBX asset for the module library.
98	상호작용객체1 [25건] (언리얼엔진)	시설.장비류	KTInteractionPropVol1_0205.zip	package_only_not_expanded			https://www.culture.go.kr/datametaverse/bbs/board.php?bo_table=object&wr_id=98	https://www.culture.go.kr/datametaverse/data/file/building/2024_meta/KTInteractionPropVol1_0205.zip	Source is an engine package, not a single FBX asset for the module library.
99	상호작용객체2 [25건] (유니티엔진)	시설.장비류	KT_Interactive_Props_2.unitypackage	package_only_not_expanded			https://www.culture.go.kr/datametaverse/bbs/board.php?bo_table=object&wr_id=99	https://www.culture.go.kr/datametaverse/data/file/building/2024_meta/KT_Interactive_Props_2.unitypackage	Source is an engine package, not a single FBX asset for the module library.
100	상호작용객체2 [25건] (언리얼엔진)	시설.장비류	KTInteractionPropVol2_0205.zip	package_only_not_expanded			https://www.culture.go.kr/datametaverse/bbs/board.php?bo_table=object&wr_id=100	https://www.culture.go.kr/datametaverse/data/file/building/2024_meta/KTInteractionPropVol2_0205.zip	Source is an engine package, not a single FBX asset for the module library.
102	창원의집 - 괭이 1	창원의집	Adze_01.fbx	imported_direct_fbx	SM_CM_Object_102	HanokAssets/CultureMetaverse/Props/ObjectDirectFBX/SM_CM_Object_102/SM_CM_Object_102	https://www.culture.go.kr/datametaverse/bbs/board.php?bo_table=object&wr_id=102	https://www.culture.go.kr/datametaverse/data/file/object/Adze_01.fbx
103	창원의집 - 괭이 2	창원의집	Adze_02.fbx	imported_direct_fbx	SM_CM_Object_103	HanokAssets/CultureMetaverse/Props/ObjectDirectFBX/SM_CM_Object_103/SM_CM_Object_103	https://www.culture.go.kr/datametaverse/bbs/board.php?bo_table=object&wr_id=103	https://www.culture.go.kr/datametaverse/data/file/object/Adze_02.fbx
104	창원의집 - 괭이 3	창원의집	Adze_03.fbx	imported_direct_fbx	SM_CM_Object_104	HanokAssets/CultureMetaverse/Props/ObjectDirectFBX/SM_CM_Object_104/SM_CM_Object_104	https://www.culture.go.kr/datametaverse/bbs/board.php?bo_table=object&wr_id=104	https://www.culture.go.kr/datametaverse/data/file/object/Adze_03.fbx
105	창원의집 - 함 1	창원의집	Box_01.fbx	imported_direct_fbx	SM_CM_Object_105	HanokAssets/CultureMetaverse/Props/ObjectDirectFBX/SM_CM_Object_105/SM_CM_Object_105	https://www.culture.go.kr/datametaverse/bbs/board.php?bo_table=object&wr_id=105	https://www.culture.go.kr/datametaverse/data/file/object/Box_01.fbx
106	창원의집 - 함 2	창원의집	Box_02.FBX	imported_direct_fbx	SM_CM_Object_106	HanokAssets/CultureMetaverse/Props/ObjectDirectFBX/SM_CM_Object_106/SM_CM_Object_106	https://www.culture.go.kr/datametaverse/bbs/board.php?bo_table=object&wr_id=106	https://www.culture.go.kr/datametaverse/data/file/object/Box_02.FBX
107	창원의집 - 함 3	창원의집	Box_03.FBX	imported_direct_fbx	SM_CM_Object_107	HanokAssets/CultureMetaverse/Props/ObjectDirectFBX/SM_CM_Object_107/SM_CM_Object_107	https://www.culture.go.kr/datametaverse/bbs/board.php?bo_table=object&wr_id=107	https://www.culture.go.kr/datametaverse/data/file/object/Box_03.FBX
108	창원의집 - 궤	창원의집	Cabinet_02.fbx	imported_direct_fbx	SM_CM_Object_108	HanokAssets/CultureMetaverse/Props/ObjectDirectFBX/SM_CM_Object_108/SM_CM_Object_108	https://www.culture.go.kr/datametaverse/bbs/board.php?bo_table=object&wr_id=108	https://www.culture.go.kr/datametaverse/data/file/object/Cabinet_02.fbx
109	창원의집 - 수통	창원의집	Cylinder.FBX	imported_direct_fbx	SM_CM_Object_109	HanokAssets/CultureMetaverse/Props/ObjectDirectFBX/SM_CM_Object_109/SM_CM_Object_109	https://www.culture.go.kr/datametaverse/bbs/board.php?bo_table=object&wr_id=109	https://www.culture.go.kr/datametaverse/data/file/object/Cylinder.FBX
110	창원의집 - 좌경	창원의집	Dressing_Stand.fbx	imported_direct_fbx	SM_CM_Object_110	HanokAssets/CultureMetaverse/Props/ObjectDirectFBX/SM_CM_Object_110/SM_CM_Object_110	https://www.culture.go.kr/datametaverse/bbs/board.php?bo_table=object&wr_id=110	https://www.culture.go.kr/datametaverse/data/file/object/Dressing_Stand.fbx
111	창원의집 - 오리장식 1	창원의집	Goose_01.fbx	imported_direct_fbx	SM_CM_Object_111	HanokAssets/CultureMetaverse/Props/ObjectDirectFBX/SM_CM_Object_111/SM_CM_Object_111	https://www.culture.go.kr/datametaverse/bbs/board.php?bo_table=object&wr_id=111	https://www.culture.go.kr/datametaverse/data/file/object/Goose_01.fbx
112	창원의집 - 오리장식 2	창원의집	Goose_02.fbx	imported_direct_fbx	SM_CM_Object_112	HanokAssets/CultureMetaverse/Props/ObjectDirectFBX/SM_CM_Object_112/SM_CM_Object_112	https://www.culture.go.kr/datametaverse/bbs/board.php?bo_table=object&wr_id=112	https://www.culture.go.kr/datametaverse/data/file/object/Goose_02.fbx
113	창원의집 - 곡괭이	창원의집	Hammer_01.fbx	imported_direct_fbx	SM_CM_Object_113	HanokAssets/CultureMetaverse/Props/ObjectDirectFBX/SM_CM_Object_113/SM_CM_Object_113	https://www.culture.go.kr/datametaverse/bbs/board.php?bo_table=object&wr_id=113	https://www.culture.go.kr/datametaverse/data/file/object/Hammer_01.fbx
114	창원의집 - 망치 1	창원의집	Hammer_02.fbx	imported_direct_fbx	SM_CM_Object_114	HanokAssets/CultureMetaverse/Props/ObjectDirectFBX/SM_CM_Object_114/SM_CM_Object_114	https://www.culture.go.kr/datametaverse/bbs/board.php?bo_table=object&wr_id=114	https://www.culture.go.kr/datametaverse/data/file/object/Hammer_02.fbx
115	창원의집 - 망치 2	창원의집	Hammer_03.fbx	imported_direct_fbx	SM_CM_Object_115	HanokAssets/CultureMetaverse/Props/ObjectDirectFBX/SM_CM_Object_115/SM_CM_Object_115	https://www.culture.go.kr/datametaverse/bbs/board.php?bo_table=object&wr_id=115	https://www.culture.go.kr/datametaverse/data/file/object/Hammer_03.fbx
116	창원의집 - 망치 3	창원의집	Hammer_04.fbx	imported_direct_fbx	SM_CM_Object_116	HanokAssets/CultureMetaverse/Props/ObjectDirectFBX/SM_CM_Object_116/SM_CM_Object_116	https://www.culture.go.kr/datametaverse/bbs/board.php?bo_table=object&wr_id=116	https://www.culture.go.kr/datametaverse/data/file/object/Hammer_04.fbx
117	창원의집 - 다리미	창원의집	Iron.FBX	imported_direct_fbx	SM_CM_Object_117	HanokAssets/CultureMetaverse/Props/ObjectDirectFBX/SM_CM_Object_117/SM_CM_Object_117	https://www.culture.go.kr/datametaverse/bbs/board.php?bo_table=object&wr_id=117	https://www.culture.go.kr/datametaverse/data/file/object/Iron.FBX
118	창원의집 - 장독대	창원의집	Jar.fbx	imported_direct_fbx	SM_CM_Object_118	HanokAssets/CultureMetaverse/Props/ObjectDirectFBX/SM_CM_Object_118/SM_CM_Object_118	https://www.culture.go.kr/datametaverse/bbs/board.php?bo_table=object&wr_id=118	https://www.culture.go.kr/datametaverse/data/file/object/Jar.fbx
119	창원의집 - 주전자	창원의집	Kettle.FBX	imported_direct_fbx	SM_CM_Object_119	HanokAssets/CultureMetaverse/Props/ObjectDirectFBX/SM_CM_Object_119/SM_CM_Object_119	https://www.culture.go.kr/datametaverse/bbs/board.php?bo_table=object&wr_id=119	https://www.culture.go.kr/datametaverse/data/file/object/Kettle.FBX
120	창원의집 - 걸쇠 1	창원의집	Latch_01.fbx	imported_direct_fbx	SM_CM_Object_120	HanokAssets/CultureMetaverse/Props/ObjectDirectFBX/SM_CM_Object_120/SM_CM_Object_120	https://www.culture.go.kr/datametaverse/bbs/board.php?bo_table=object&wr_id=120	https://www.culture.go.kr/datametaverse/data/file/object/Latch_01.fbx
121	창원의집 - 걸쇠 2	창원의집	Latch_02.fbx	imported_direct_fbx	SM_CM_Object_121	HanokAssets/CultureMetaverse/Props/ObjectDirectFBX/SM_CM_Object_121/SM_CM_Object_121	https://www.culture.go.kr/datametaverse/bbs/board.php?bo_table=object&wr_id=121	https://www.culture.go.kr/datametaverse/data/file/object/Latch_02.fbx
122	창원의집 - 창살	창원의집	Lattice_Window.fbx	imported_direct_fbx	SM_CM_Object_122	HanokAssets/CultureMetaverse/Props/ObjectDirectFBX/SM_CM_Object_122/SM_CM_Object_122	https://www.culture.go.kr/datametaverse/bbs/board.php?bo_table=object&wr_id=122	https://www.culture.go.kr/datametaverse/data/file/object/Lattice_Window.fbx
123	창원의집 - 연자매	창원의집	Mill.fbx	imported_direct_fbx	SM_CM_Object_123	HanokAssets/CultureMetaverse/Props/ObjectDirectFBX/SM_CM_Object_123/SM_CM_Object_123	https://www.culture.go.kr/datametaverse/bbs/board.php?bo_table=object&wr_id=123	https://www.culture.go.kr/datametaverse/data/file/object/Mill.fbx
124	창원의집 - 평대패 1	창원의집	Plane_01.FBX	imported_direct_fbx	SM_CM_Object_124	HanokAssets/CultureMetaverse/Props/ObjectDirectFBX/SM_CM_Object_124/SM_CM_Object_124	https://www.culture.go.kr/datametaverse/bbs/board.php?bo_table=object&wr_id=124	https://www.culture.go.kr/datametaverse/data/file/object/Plane_01.FBX
125	창원의집 - 평대패 2	창원의집	Plane_02.FBX	imported_direct_fbx	SM_CM_Object_125	HanokAssets/CultureMetaverse/Props/ObjectDirectFBX/SM_CM_Object_125/SM_CM_Object_125	https://www.culture.go.kr/datametaverse/bbs/board.php?bo_table=object&wr_id=125	https://www.culture.go.kr/datametaverse/data/file/object/Plane_02.FBX
126	창원의집 - 평대패 3	창원의집	Plane_03.FBX	imported_direct_fbx	SM_CM_Object_126	HanokAssets/CultureMetaverse/Props/ObjectDirectFBX/SM_CM_Object_126/SM_CM_Object_126	https://www.culture.go.kr/datametaverse/bbs/board.php?bo_table=object&wr_id=126	https://www.culture.go.kr/datametaverse/data/file/object/Plane_03.FBX
127	창원의집 - 평대패 4	창원의집	Plane_04.FBX	imported_direct_fbx	SM_CM_Object_127	HanokAssets/CultureMetaverse/Props/ObjectDirectFBX/SM_CM_Object_127/SM_CM_Object_127	https://www.culture.go.kr/datametaverse/bbs/board.php?bo_table=object&wr_id=127	https://www.culture.go.kr/datametaverse/data/file/object/Plane_04.FBX
128	창원의집 - 단지 1	창원의집	Porcelain.fbx	imported_direct_fbx	SM_CM_Object_128	HanokAssets/CultureMetaverse/Props/ObjectDirectFBX/SM_CM_Object_128/SM_CM_Object_128	https://www.culture.go.kr/datametaverse/bbs/board.php?bo_table=object&wr_id=128	https://www.culture.go.kr/datametaverse/data/file/object/Porcelain.fbx
129	창원의집 - 주전자	창원의집	Porcelain_02.fbx	imported_direct_fbx	SM_CM_Object_129	HanokAssets/CultureMetaverse/Props/ObjectDirectFBX/SM_CM_Object_129/SM_CM_Object_129	https://www.culture.go.kr/datametaverse/bbs/board.php?bo_table=object&wr_id=129	https://www.culture.go.kr/datametaverse/data/file/object/Porcelain_02.fbx
130	창원의집 - 연적	창원의집	Porcelain_03.FBX	imported_direct_fbx	SM_CM_Object_130	HanokAssets/CultureMetaverse/Props/ObjectDirectFBX/SM_CM_Object_130/SM_CM_Object_130	https://www.culture.go.kr/datametaverse/bbs/board.php?bo_table=object&wr_id=130	https://www.culture.go.kr/datametaverse/data/file/object/Porcelain_03.FBX
131	창원의집 - 단지 2	창원의집	Porcelain_04.fbx	imported_direct_fbx	SM_CM_Object_131	HanokAssets/CultureMetaverse/Props/ObjectDirectFBX/SM_CM_Object_131/SM_CM_Object_131	https://www.culture.go.kr/datametaverse/bbs/board.php?bo_table=object&wr_id=131	https://www.culture.go.kr/datametaverse/data/file/object/Porcelain_04.fbx
132	창원의집 - 절구	창원의집	Prorcelain_05.fbx	imported_direct_fbx	SM_CM_Object_132	HanokAssets/CultureMetaverse/Props/ObjectDirectFBX/SM_CM_Object_132/SM_CM_Object_132	https://www.culture.go.kr/datametaverse/bbs/board.php?bo_table=object&wr_id=132	https://www.culture.go.kr/datametaverse/data/file/object/Prorcelain_05.fbx
133	창원의집 - 접시 1	창원의집	Porcelain_06.fbx	imported_direct_fbx	SM_CM_Object_133	HanokAssets/CultureMetaverse/Props/ObjectDirectFBX/SM_CM_Object_133/SM_CM_Object_133	https://www.culture.go.kr/datametaverse/bbs/board.php?bo_table=object&wr_id=133	https://www.culture.go.kr/datametaverse/data/file/object/Porcelain_06.fbx
134	창원의집 - 접시 2	창원의집	Porcelain_07.fbx	imported_direct_fbx	SM_CM_Object_134	HanokAssets/CultureMetaverse/Props/ObjectDirectFBX/SM_CM_Object_134/SM_CM_Object_134	https://www.culture.go.kr/datametaverse/bbs/board.php?bo_table=object&wr_id=134	https://www.culture.go.kr/datametaverse/data/file/object/Porcelain_07.fbx
135	창원의집 - 술병	창원의집	Porcelain_08.fbx	imported_direct_fbx	SM_CM_Object_135	HanokAssets/CultureMetaverse/Props/ObjectDirectFBX/SM_CM_Object_135/SM_CM_Object_135	https://www.culture.go.kr/datametaverse/bbs/board.php?bo_table=object&wr_id=135	https://www.culture.go.kr/datametaverse/data/file/object/Porcelain_08.fbx
136	창원의집 - 백자	창원의집	Porcelain_09.fbx	imported_direct_fbx	SM_CM_Object_136	HanokAssets/CultureMetaverse/Props/ObjectDirectFBX/SM_CM_Object_136/SM_CM_Object_136	https://www.culture.go.kr/datametaverse/bbs/board.php?bo_table=object&wr_id=136	https://www.culture.go.kr/datametaverse/data/file/object/Porcelain_09.fbx
137	창원의집 - 기름병	창원의집	Porcelain_10.FBX	imported_direct_fbx	SM_CM_Object_137	HanokAssets/CultureMetaverse/Props/ObjectDirectFBX/SM_CM_Object_137/SM_CM_Object_137	https://www.culture.go.kr/datametaverse/bbs/board.php?bo_table=object&wr_id=137	https://www.culture.go.kr/datametaverse/data/file/object/Porcelain_10.FBX
138	창원의집 - 매통	창원의집	Props_10.fbx	imported_direct_fbx	SM_CM_Object_138	HanokAssets/CultureMetaverse/Props/ObjectDirectFBX/SM_CM_Object_138/SM_CM_Object_138	https://www.culture.go.kr/datametaverse/bbs/board.php?bo_table=object&wr_id=138	https://www.culture.go.kr/datametaverse/data/file/object/Props_10.fbx
139	창원의집 - 받침대	창원의집	Prop_10.FBX	imported_direct_fbx	SM_CM_Object_139	HanokAssets/CultureMetaverse/Props/ObjectDirectFBX/SM_CM_Object_139/SM_CM_Object_139	https://www.culture.go.kr/datametaverse/bbs/board.php?bo_table=object&wr_id=139	https://www.culture.go.kr/datametaverse/data/file/object/Prop_10.FBX
140	창원의집 - 거두	창원의집	RipSaw_02.FBX	imported_direct_fbx	SM_CM_Object_140	HanokAssets/CultureMetaverse/Props/ObjectDirectFBX/SM_CM_Object_140/SM_CM_Object_140	https://www.culture.go.kr/datametaverse/bbs/board.php?bo_table=object&wr_id=140	https://www.culture.go.kr/datametaverse/data/file/object/RipSaw_02.FBX
141	창원의집 - 깎낫	창원의집	Sickle.fbx	imported_direct_fbx	SM_CM_Object_141	HanokAssets/CultureMetaverse/Props/ObjectDirectFBX/SM_CM_Object_141/SM_CM_Object_141	https://www.culture.go.kr/datametaverse/bbs/board.php?bo_table=object&wr_id=141	https://www.culture.go.kr/datametaverse/data/file/object/Sickle.fbx
142	창원의집 - 못줄대	창원의집	Spin_Drill.FBX	imported_direct_fbx	SM_CM_Object_142	HanokAssets/CultureMetaverse/Props/ObjectDirectFBX/SM_CM_Object_142/SM_CM_Object_142	https://www.culture.go.kr/datametaverse/bbs/board.php?bo_table=object&wr_id=142	https://www.culture.go.kr/datametaverse/data/file/object/Spin_Drill.FBX
143	창원의집 - 3단 찬합	창원의집	Three_Tier_Box.FBX	imported_direct_fbx	SM_CM_Object_143	HanokAssets/CultureMetaverse/Props/ObjectDirectFBX/SM_CM_Object_143/SM_CM_Object_143	https://www.culture.go.kr/datametaverse/bbs/board.php?bo_table=object&wr_id=143	https://www.culture.go.kr/datametaverse/data/file/object/Three_Tier_Box.FBX
144	창원의집 - 나막신 1	창원의집	Woodenshoes_01.fbx	imported_direct_fbx	SM_CM_Object_144	HanokAssets/CultureMetaverse/Props/ObjectDirectFBX/SM_CM_Object_144/SM_CM_Object_144	https://www.culture.go.kr/datametaverse/bbs/board.php?bo_table=object&wr_id=144	https://www.culture.go.kr/datametaverse/data/file/object/Woodenshoes_01.fbx
145	창원의집 - 나막신 2	창원의집	Woodenshoes_02.fbx	imported_direct_fbx	SM_CM_Object_145	HanokAssets/CultureMetaverse/Props/ObjectDirectFBX/SM_CM_Object_145/SM_CM_Object_145	https://www.culture.go.kr/datametaverse/bbs/board.php?bo_table=object&wr_id=145	https://www.culture.go.kr/datametaverse/data/file/object/Woodenshoes_02.fbx
146	창원의집 - 토시	창원의집	Wristlet_01.FBX	imported_direct_fbx	SM_CM_Object_146	HanokAssets/CultureMetaverse/Props/ObjectDirectFBX/SM_CM_Object_146/SM_CM_Object_146	https://www.culture.go.kr/datametaverse/bbs/board.php?bo_table=object&wr_id=146	https://www.culture.go.kr/datametaverse/data/file/object/Wristlet_01.FBX
147	검무복	국립국악원 의복 5종	검무복.zip	imported_direct_fbx	SM_CM_Object_147	HanokAssets/CultureMetaverse/Props/ObjectDirectFBX/SM_CM_Object_147/SM_CM_Object_147	https://www.culture.go.kr/datametaverse/bbs/board.php?bo_table=object&wr_id=147	https://www.culture.go.kr/datametaverse/data/file/object/검무복.zip
148	대취타	국립국악원 의복 5종	대취타.zip	imported_direct_fbx	SM_CM_Object_148	HanokAssets/CultureMetaverse/Props/ObjectDirectFBX/SM_CM_Object_148/SM_CM_Object_148	https://www.culture.go.kr/datametaverse/bbs/board.php?bo_table=object&wr_id=148	https://www.culture.go.kr/datametaverse/data/file/object/대취타.zip
149	동기	국립국악원 의복 5종	동기.zip	imported_direct_fbx	SM_CM_Object_149	HanokAssets/CultureMetaverse/Props/ObjectDirectFBX/SM_CM_Object_149/SM_CM_Object_149	https://www.culture.go.kr/datametaverse/bbs/board.php?bo_table=object&wr_id=149	https://www.culture.go.kr/datametaverse/data/file/object/동기.zip
150	처용무	국립국악원 의복 5종	처용무.zip	imported_direct_fbx	SM_CM_Object_150	HanokAssets/CultureMetaverse/Props/ObjectDirectFBX/SM_CM_Object_150/SM_CM_Object_150	https://www.culture.go.kr/datametaverse/bbs/board.php?bo_table=object&wr_id=150	https://www.culture.go.kr/datametaverse/data/file/object/처용무.zip
151	춘앵전	국립국악원 의복 5종	춘앵전.zip	imported_direct_fbx	SM_CM_Object_151	HanokAssets/CultureMetaverse/Props/ObjectDirectFBX/SM_CM_Object_151/SM_CM_Object_151	https://www.culture.go.kr/datametaverse/bbs/board.php?bo_table=object&wr_id=151	https://www.culture.go.kr/datametaverse/data/file/object/춘앵전.zip
152	검무복 모자	국립국악원 의복 5종	TraditionalHat.fbx	imported_direct_fbx	SM_CM_Object_152	HanokAssets/CultureMetaverse/Props/ObjectDirectFBX/SM_CM_Object_152/SM_CM_Object_152	https://www.culture.go.kr/datametaverse/bbs/board.php?bo_table=object&wr_id=152	https://www.culture.go.kr/datametaverse/data/file/object/TraditionalHat.fbx
153	건고 1	국립국악원 악기 17종	1-1-Gun Drum.fbx	imported_direct_fbx	SM_CM_Object_153	HanokAssets/CultureMetaverse/Props/ObjectDirectFBX/SM_CM_Object_153/SM_CM_Object_153	https://www.culture.go.kr/datametaverse/bbs/board.php?bo_table=object&wr_id=153	https://www.culture.go.kr/datametaverse/data/file/object/1-1-Gun Drum.fbx
154	건고 2	국립국악원 악기 17종	1-2-Gun Drum.zip	imported_direct_fbx	SM_CM_Object_154	HanokAssets/CultureMetaverse/Props/ObjectDirectFBX/SM_CM_Object_154/SM_CM_Object_154	https://www.culture.go.kr/datametaverse/bbs/board.php?bo_table=object&wr_id=154	https://www.culture.go.kr/datametaverse/data/file/object/1-2-Gun Drum.zip
155	교방고 1	국립국악원 악기 17종	GyobangDrum.zip	imported_direct_fbx	SM_CM_Object_155	HanokAssets/CultureMetaverse/Props/ObjectDirectFBX/SM_CM_Object_155/SM_CM_Object_155	https://www.culture.go.kr/datametaverse/bbs/board.php?bo_table=object&wr_id=155	https://www.culture.go.kr/datametaverse/data/file/object/GyobangDrum.zip
156	교방고 2	국립국악원 악기 17종	GyobangDrum2.zip	imported_direct_fbx	SM_CM_Object_156	HanokAssets/CultureMetaverse/Props/ObjectDirectFBX/SM_CM_Object_156/SM_CM_Object_156	https://www.culture.go.kr/datametaverse/bbs/board.php?bo_table=object&wr_id=156	https://www.culture.go.kr/datametaverse/data/file/object/GyobangDrum2.zip
157	당적	국립국악원 악기 17종	TangFlute.zip	imported_direct_fbx	SM_CM_Object_157	HanokAssets/CultureMetaverse/Props/ObjectDirectFBX/SM_CM_Object_157/SM_CM_Object_157	https://www.culture.go.kr/datametaverse/bbs/board.php?bo_table=object&wr_id=157	https://www.culture.go.kr/datametaverse/data/file/object/TangFlute.zip
158	대쟁	국립국악원 악기 17종	Big Zither.zip	imported_direct_fbx	SM_CM_Object_158	HanokAssets/CultureMetaverse/Props/ObjectDirectFBX/SM_CM_Object_158/SM_CM_Object_158	https://www.culture.go.kr/datametaverse/bbs/board.php?bo_table=object&wr_id=158	https://www.culture.go.kr/datametaverse/data/file/object/Big Zither.zip
159	용고	국립국악원 악기 17종	Dragon Drum 14.zip	imported_direct_fbx	SM_CM_Object_159	HanokAssets/CultureMetaverse/Props/ObjectDirectFBX/SM_CM_Object_159/SM_CM_Object_159	https://www.culture.go.kr/datametaverse/bbs/board.php?bo_table=object&wr_id=159	https://www.culture.go.kr/datametaverse/data/file/object/Dragon Drum 14.zip
160	제주	국립국악원 악기 17종	JejuShamanicJanggu.zip	imported_direct_fbx	SM_CM_Object_160	HanokAssets/CultureMetaverse/Props/ObjectDirectFBX/SM_CM_Object_160/SM_CM_Object_160	https://www.culture.go.kr/datametaverse/bbs/board.php?bo_table=object&wr_id=160	https://www.culture.go.kr/datametaverse/data/file/object/JejuShamanicJanggu.zip
161	물장구	국립국악원 악기 17종	Moojang drum.zip	imported_direct_fbx	SM_CM_Object_161	HanokAssets/CultureMetaverse/Props/ObjectDirectFBX/SM_CM_Object_161/SM_CM_Object_161	https://www.culture.go.kr/datametaverse/bbs/board.php?bo_table=object&wr_id=161	https://www.culture.go.kr/datametaverse/data/file/object/Moojang drum.zip
162	사장구	국립국악원 악기 17종	SajangDrum.zip	imported_direct_fbx	SM_CM_Object_162	HanokAssets/CultureMetaverse/Props/ObjectDirectFBX/SM_CM_Object_162/SM_CM_Object_162	https://www.culture.go.kr/datametaverse/bbs/board.php?bo_table=object&wr_id=162	https://www.culture.go.kr/datametaverse/data/file/object/SajangDrum.zip
163	테왁	국립국악원 악기 17종	Tewak.zip	imported_direct_fbx	SM_CM_Object_163	HanokAssets/CultureMetaverse/Props/ObjectDirectFBX/SM_CM_Object_163/SM_CM_Object_163	https://www.culture.go.kr/datametaverse/bbs/board.php?bo_table=object&wr_id=163	https://www.culture.go.kr/datametaverse/data/file/object/Tewak.zip
164	목고동	국립국악원 악기 17종	Wooden Beating.zip	imported_direct_fbx	SM_CM_Object_164	HanokAssets/CultureMetaverse/Props/ObjectDirectFBX/SM_CM_Object_164/SM_CM_Object_164	https://www.culture.go.kr/datametaverse/bbs/board.php?bo_table=object&wr_id=164	https://www.culture.go.kr/datametaverse/data/file/object/Wooden Beating.zip
165	가야금	국립국악원 악기 17종	Gayageum.zip	imported_direct_fbx	SM_CM_Object_165	HanokAssets/CultureMetaverse/Props/ObjectDirectFBX/SM_CM_Object_165/SM_CM_Object_165	https://www.culture.go.kr/datametaverse/bbs/board.php?bo_table=object&wr_id=165	https://www.culture.go.kr/datametaverse/data/file/object/Gayageum.zip
166	거문고	국립국악원 악기 17종	Korean harp.zip	imported_direct_fbx	SM_CM_Object_166	HanokAssets/CultureMetaverse/Props/ObjectDirectFBX/SM_CM_Object_166/SM_CM_Object_166	https://www.culture.go.kr/datametaverse/bbs/board.php?bo_table=object&wr_id=166	https://www.culture.go.kr/datametaverse/data/file/object/Korean harp.zip
167	요고	국립국악원 악기 17종	Yogo.zip	imported_direct_fbx	SM_CM_Object_167	HanokAssets/CultureMetaverse/Props/ObjectDirectFBX/SM_CM_Object_167/SM_CM_Object_167	https://www.culture.go.kr/datametaverse/bbs/board.php?bo_table=object&wr_id=167	https://www.culture.go.kr/datametaverse/data/file/object/Yogo.zip
168	8현금	국립국악원 악기 17종	Chord.zip	imported_direct_fbx	SM_CM_Object_168	HanokAssets/CultureMetaverse/Props/ObjectDirectFBX/SM_CM_Object_168/SM_CM_Object_168	https://www.culture.go.kr/datametaverse/bbs/board.php?bo_table=object&wr_id=168	https://www.culture.go.kr/datametaverse/data/file/object/Chord.zip
169	북	국립국악원 악기 17종	Drum15.zip	imported_direct_fbx	SM_CM_Object_169	HanokAssets/CultureMetaverse/Props/ObjectDirectFBX/SM_CM_Object_169/SM_CM_Object_169	https://www.culture.go.kr/datametaverse/bbs/board.php?bo_table=object&wr_id=169	https://www.culture.go.kr/datametaverse/data/file/object/Drum15.zip
170	신제총통 1	육군박물관 무기 39종	01_육군박물관_신제총통_011004.fbx	imported_direct_fbx	SM_CM_Object_170	HanokAssets/CultureMetaverse/Props/ObjectDirectFBX/SM_CM_Object_170/SM_CM_Object_170	https://www.culture.go.kr/datametaverse/bbs/board.php?bo_table=object&wr_id=170	https://www.culture.go.kr/datametaverse/data/file/object/01_육군박물관_신제총통_011004.fbx
171	신제총통 2	육군박물관 무기 39종	02_육군박물관_신제총통_011005.fbx	imported_direct_fbx	SM_CM_Object_171	HanokAssets/CultureMetaverse/Props/ObjectDirectFBX/SM_CM_Object_171/SM_CM_Object_171	https://www.culture.go.kr/datametaverse/bbs/board.php?bo_table=object&wr_id=171	https://www.culture.go.kr/datametaverse/data/file/object/02_육군박물관_신제총통_011005.fbx
172	세총통	육군박물관 무기 39종	03_육군박물관_세총통_011011.fbx	imported_direct_fbx	SM_CM_Object_172	HanokAssets/CultureMetaverse/Props/ObjectDirectFBX/SM_CM_Object_172/SM_CM_Object_172	https://www.culture.go.kr/datametaverse/bbs/board.php?bo_table=object&wr_id=172	https://www.culture.go.kr/datametaverse/data/file/object/03_육군박물관_세총통_011011.fbx
173	소승자총통 1	육군박물관 무기 39종	04_육군박물관_소승자총통_011020.fbx	imported_direct_fbx	SM_CM_Object_173	HanokAssets/CultureMetaverse/Props/ObjectDirectFBX/SM_CM_Object_173/SM_CM_Object_173	https://www.culture.go.kr/datametaverse/bbs/board.php?bo_table=object&wr_id=173	https://www.culture.go.kr/datametaverse/data/file/object/04_육군박물관_소승자총통_011020.fbx
174	소승자총통 2	육군박물관 무기 39종	05_육군박물관_소승자총통_011019.fbx	imported_direct_fbx	SM_CM_Object_174	HanokAssets/CultureMetaverse/Props/ObjectDirectFBX/SM_CM_Object_174/SM_CM_Object_174	https://www.culture.go.kr/datametaverse/bbs/board.php?bo_table=object&wr_id=174	https://www.culture.go.kr/datametaverse/data/file/object/05_육군박물관_소승자총통_011019.fbx
175	승자총통	육군박물관 무기 39종	06_육군박물관_승자총통_011040.fbx	imported_direct_fbx	SM_CM_Object_175	HanokAssets/CultureMetaverse/Props/ObjectDirectFBX/SM_CM_Object_175/SM_CM_Object_175	https://www.culture.go.kr/datametaverse/bbs/board.php?bo_table=object&wr_id=175	https://www.culture.go.kr/datametaverse/data/file/object/06_육군박물관_승자총통_011040.fbx
176	삼총통	육군박물관 무기 39종	07_육군박물관_삼총통_011028.fbx	imported_direct_fbx	SM_CM_Object_176	HanokAssets/CultureMetaverse/Props/ObjectDirectFBX/SM_CM_Object_176/SM_CM_Object_176	https://www.culture.go.kr/datametaverse/bbs/board.php?bo_table=object&wr_id=176	https://www.culture.go.kr/datametaverse/data/file/object/07_육군박물관_삼총통_011028.fbx
177	화희발사기	육군박물관 무기 39종	08_육군박물관_화희발사기_011055.fbx	imported_direct_fbx	SM_CM_Object_177	HanokAssets/CultureMetaverse/Props/ObjectDirectFBX/SM_CM_Object_177/SM_CM_Object_177	https://www.culture.go.kr/datametaverse/bbs/board.php?bo_table=object&wr_id=177	https://www.culture.go.kr/datametaverse/data/file/object/08_육군박물관_화희발사기_011055.fbx
178	사전총통	육군박물관 무기 39종	09_육군박물관_사전총통_011056.fbx	imported_direct_fbx	SM_CM_Object_178	HanokAssets/CultureMetaverse/Props/ObjectDirectFBX/SM_CM_Object_178/SM_CM_Object_178	https://www.culture.go.kr/datametaverse/bbs/board.php?bo_table=object&wr_id=178	https://www.culture.go.kr/datametaverse/data/file/object/09_육군박물관_사전총통_011056.fbx
179	쌍승자총통	육군박물관 무기 39종	10_육군박물관_쌍승자총통_011057.fbx	imported_direct_fbx	SM_CM_Object_179	HanokAssets/CultureMetaverse/Props/ObjectDirectFBX/SM_CM_Object_179/SM_CM_Object_179	https://www.culture.go.kr/datametaverse/bbs/board.php?bo_table=object&wr_id=179	https://www.culture.go.kr/datametaverse/data/file/object/10_육군박물관_쌍승자총통_011057.fbx
180	별승자총통	육군박물관 무기 39종	11_육군박물관_별승자총통_011062.fbx	imported_direct_fbx	SM_CM_Object_180	HanokAssets/CultureMetaverse/Props/ObjectDirectFBX/SM_CM_Object_180/SM_CM_Object_180	https://www.culture.go.kr/datametaverse/bbs/board.php?bo_table=object&wr_id=180	https://www.culture.go.kr/datametaverse/data/file/object/11_육군박물관_별승자총통_011062.fbx
181	삼원삼안총	육군박물관 무기 39종	12_육군박물관_삼원삼안총_011063.fbx	imported_direct_fbx	SM_CM_Object_181	HanokAssets/CultureMetaverse/Props/ObjectDirectFBX/SM_CM_Object_181/SM_CM_Object_181	https://www.culture.go.kr/datametaverse/bbs/board.php?bo_table=object&wr_id=181	https://www.culture.go.kr/datametaverse/data/file/object/12_육군박물관_삼원삼안총_011063.fbx
182	현자총통	육군박물관 무기 39종	13_육군박물관_현자총통_012006.fbx	imported_direct_fbx	SM_CM_Object_182	HanokAssets/CultureMetaverse/Props/ObjectDirectFBX/SM_CM_Object_182/SM_CM_Object_182	https://www.culture.go.kr/datametaverse/bbs/board.php?bo_table=object&wr_id=182	https://www.culture.go.kr/datametaverse/data/file/object/13_육군박물관_현자총통_012006.fbx
183	쌍열식권총	육군박물관 무기 39종	14_육군박물관_쌍열식권총_011071.fbx	imported_direct_fbx	SM_CM_Object_183	HanokAssets/CultureMetaverse/Props/ObjectDirectFBX/SM_CM_Object_183/SM_CM_Object_183	https://www.culture.go.kr/datametaverse/bbs/board.php?bo_table=object&wr_id=183	https://www.culture.go.kr/datametaverse/data/file/object/14_육군박물관_쌍열식권총_011071.fbx
184	불랑기자포	육군박물관 무기 39종	15_육군박물관_불랑기자포_012035.fbx	imported_direct_fbx	SM_CM_Object_184	HanokAssets/CultureMetaverse/Props/ObjectDirectFBX/SM_CM_Object_184/SM_CM_Object_184	https://www.culture.go.kr/datametaverse/bbs/board.php?bo_table=object&wr_id=184	https://www.culture.go.kr/datametaverse/data/file/object/15_육군박물관_불랑기자포_012035.fbx
185	화약통	육군박물관 무기 39종	19_육군박물관_화약통_021001.fbx	imported_direct_fbx	SM_CM_Object_185	HanokAssets/CultureMetaverse/Props/ObjectDirectFBX/SM_CM_Object_185/SM_CM_Object_185	https://www.culture.go.kr/datametaverse/bbs/board.php?bo_table=object&wr_id=185	https://www.culture.go.kr/datametaverse/data/file/object/19_육군박물관_화약통_021001.fbx
186	목각제화약통	육군박물관 무기 39종	20_육군박물관_목각제화약통_021008.fbx	imported_direct_fbx	SM_CM_Object_186	HanokAssets/CultureMetaverse/Props/ObjectDirectFBX/SM_CM_Object_186/SM_CM_Object_186	https://www.culture.go.kr/datametaverse/bbs/board.php?bo_table=object&wr_id=186	https://www.culture.go.kr/datametaverse/data/file/object/20_육군박물관_목각제화약통_021008.fbx
187	조총탄대(오구)	육군박물관 무기 39종	21_육군박물관_조총탄대(오구)_021003.fbx	imported_direct_fbx	SM_CM_Object_187	HanokAssets/CultureMetaverse/Props/ObjectDirectFBX/SM_CM_Object_187/SM_CM_Object_187	https://www.culture.go.kr/datametaverse/bbs/board.php?bo_table=object&wr_id=187	https://www.culture.go.kr/datametaverse/data/file/object/21_육군박물관_조총탄대(오구)_021003.fbx
188	호신검(대원군진장명 호신도) 1	육군박물관 무기 39종	28_육군박물관_호신검(대원군진장명 호신도)_034028-1.fbx	imported_direct_fbx	SM_CM_Object_188	HanokAssets/CultureMetaverse/Props/ObjectDirectFBX/SM_CM_Object_188/SM_CM_Object_188	https://www.culture.go.kr/datametaverse/bbs/board.php?bo_table=object&wr_id=188	https://www.culture.go.kr/datametaverse/data/file/object/28_육군박물관_호신검(대원군진장명 호신도)_034028-1.fbx
189	호신검(대원군진장명 호신도) 2	육군박물관 무기 39종	28_육군박물관_호신검(대원군진장명 호신도)_034028-2.fbx	imported_direct_fbx	SM_CM_Object_189	HanokAssets/CultureMetaverse/Props/ObjectDirectFBX/SM_CM_Object_189/SM_CM_Object_189	https://www.culture.go.kr/datametaverse/bbs/board.php?bo_table=object&wr_id=189	https://www.culture.go.kr/datametaverse/data/file/object/28_육군박물관_호신검(대원군진장명 호신도)_034028-2.fbx
190	편곤	육군박물관 무기 39종	31_육군박물관_편곤_072002.fbx	imported_direct_fbx	SM_CM_Object_190	HanokAssets/CultureMetaverse/Props/ObjectDirectFBX/SM_CM_Object_190/SM_CM_Object_190	https://www.culture.go.kr/datametaverse/bbs/board.php?bo_table=object&wr_id=190	https://www.culture.go.kr/datametaverse/data/file/object/31_육군박물관_편곤_072002.fbx
191	차폭	육군박물관 무기 39종	33_육군박물관_차폭_072014.fbx	imported_direct_fbx	SM_CM_Object_191	HanokAssets/CultureMetaverse/Props/ObjectDirectFBX/SM_CM_Object_191/SM_CM_Object_191	https://www.culture.go.kr/datametaverse/bbs/board.php?bo_table=object&wr_id=191	https://www.culture.go.kr/datametaverse/data/file/object/33_육군박물관_차폭_072014.fbx
192	띠돈	육군박물관 무기 39종	43_육군박물관_띠돈_043029.fbx	imported_direct_fbx	SM_CM_Object_192	HanokAssets/CultureMetaverse/Props/ObjectDirectFBX/SM_CM_Object_192/SM_CM_Object_192	https://www.culture.go.kr/datametaverse/bbs/board.php?bo_table=object&wr_id=192	https://www.culture.go.kr/datametaverse/data/file/object/43_육군박물관_띠돈_043029.fbx
193	전통,용두형전통(용머리모양)	육군박물관 무기 39종	46_육군박물관_전통,용두형전통(용머리모양)_051018.fbx	imported_direct_fbx	SM_CM_Object_193	HanokAssets/CultureMetaverse/Props/ObjectDirectFBX/SM_CM_Object_193/SM_CM_Object_193	https://www.culture.go.kr/datametaverse/bbs/board.php?bo_table=object&wr_id=193	https://www.culture.go.kr/datametaverse/data/file/object/46_육군박물관_전통,용두형전통(용머리모양)_051018.fbx
194	전통	육군박물관 무기 39종	47_육군박물관_전통_051033.fbx	imported_direct_fbx	SM_CM_Object_194	HanokAssets/CultureMetaverse/Props/ObjectDirectFBX/SM_CM_Object_194/SM_CM_Object_194	https://www.culture.go.kr/datametaverse/bbs/board.php?bo_table=object&wr_id=194	https://www.culture.go.kr/datametaverse/data/file/object/47_육군박물관_전통_051033.fbx
195	흑각궁,윤동신각궁	육군박물관 무기 39종	48_육군박물관_흑각궁,윤동신각궁_052010.fbx	imported_direct_fbx	SM_CM_Object_195	HanokAssets/CultureMetaverse/Props/ObjectDirectFBX/SM_CM_Object_195/SM_CM_Object_195	https://www.culture.go.kr/datametaverse/bbs/board.php?bo_table=object&wr_id=195	https://www.culture.go.kr/datametaverse/data/file/object/48_육군박물관_흑각궁,윤동신각궁_052010.fbx
196	호미각궁 1	육군박물관 무기 39종	49_육군박물관_호미각궁_000000-1.fbx	imported_direct_fbx	SM_CM_Object_196	HanokAssets/CultureMetaverse/Props/ObjectDirectFBX/SM_CM_Object_196/SM_CM_Object_196	https://www.culture.go.kr/datametaverse/bbs/board.php?bo_table=object&wr_id=196	https://www.culture.go.kr/datametaverse/data/file/object/49_육군박물관_호미각궁_000000-1.fbx
197	호미각궁 2	육군박물관 무기 39종	49_육군박물관_호미각궁_000000-2.fbx	imported_direct_fbx	SM_CM_Object_197	HanokAssets/CultureMetaverse/Props/ObjectDirectFBX/SM_CM_Object_197/SM_CM_Object_197	https://www.culture.go.kr/datametaverse/bbs/board.php?bo_table=object&wr_id=197	https://www.culture.go.kr/datametaverse/data/file/object/49_육군박물관_호미각궁_000000-2.fbx
198	촉돌이	육군박물관 무기 39종	52_육군박물관_촉돌이_054010.fbx	imported_direct_fbx	SM_CM_Object_198	HanokAssets/CultureMetaverse/Props/ObjectDirectFBX/SM_CM_Object_198/SM_CM_Object_198	https://www.culture.go.kr/datametaverse/bbs/board.php?bo_table=object&wr_id=198	https://www.culture.go.kr/datametaverse/data/file/object/52_육군박물관_촉돌이_054010.fbx
199	오각재촉돌이	육군박물관 무기 39종	53_육군박물관_오각재촉돌이_054007.fbx	imported_direct_fbx	SM_CM_Object_199	HanokAssets/CultureMetaverse/Props/ObjectDirectFBX/SM_CM_Object_199/SM_CM_Object_199	https://www.culture.go.kr/datametaverse/bbs/board.php?bo_table=object&wr_id=199	https://www.culture.go.kr/datametaverse/data/file/object/53_육군박물관_오각재촉돌이_054007.fbx
200	숫깍지	육군박물관 무기 39종	55_육군박물관_숫깍지_054003.fbx	imported_direct_fbx	SM_CM_Object_200	HanokAssets/CultureMetaverse/Props/ObjectDirectFBX/SM_CM_Object_200/SM_CM_Object_200	https://www.culture.go.kr/datametaverse/bbs/board.php?bo_table=object&wr_id=200	https://www.culture.go.kr/datametaverse/data/file/object/55_육군박물관_숫깍지_054003.fbx
201	은도금 용여의주 등자 1	육군박물관 무기 39종	61_육군박물관_은도금 용여의주 등자_062012-1.fbx	imported_direct_fbx	SM_CM_Object_201	HanokAssets/CultureMetaverse/Props/ObjectDirectFBX/SM_CM_Object_201/SM_CM_Object_201	https://www.culture.go.kr/datametaverse/bbs/board.php?bo_table=object&wr_id=201	https://www.culture.go.kr/datametaverse/data/file/object/61_육군박물관_은도금 용여의주 등자_062012-1.fbx
202	은도금 용여의주 등자 2	육군박물관 무기 39종	61_육군박물관_은도금 용여의주 등자_062012-2.fbx	imported_direct_fbx	SM_CM_Object_202	HanokAssets/CultureMetaverse/Props/ObjectDirectFBX/SM_CM_Object_202/SM_CM_Object_202	https://www.culture.go.kr/datametaverse/bbs/board.php?bo_table=object&wr_id=202	https://www.culture.go.kr/datametaverse/data/file/object/61_육군박물관_은도금 용여의주 등자_062012-2.fbx
203	철제 용두 은도금 등자 1	육군박물관 무기 39종	61_육군박물관_철제 용두 은도금 등자_062018-1.fbx	imported_direct_fbx	SM_CM_Object_203	HanokAssets/CultureMetaverse/Props/ObjectDirectFBX/SM_CM_Object_203/SM_CM_Object_203	https://www.culture.go.kr/datametaverse/bbs/board.php?bo_table=object&wr_id=203	https://www.culture.go.kr/datametaverse/data/file/object/61_육군박물관_철제 용두 은도금 등자_062018-1.fbx
204	철제 용두 은도금 등자 2	육군박물관 무기 39종	61_육군박물관_철제 용두 은도금 등자_062018-2.fbx	imported_direct_fbx	SM_CM_Object_204	HanokAssets/CultureMetaverse/Props/ObjectDirectFBX/SM_CM_Object_204/SM_CM_Object_204	https://www.culture.go.kr/datametaverse/bbs/board.php?bo_table=object&wr_id=204	https://www.culture.go.kr/datametaverse/data/file/object/61_육군박물관_철제 용두 은도금 등자_062018-2.fbx
205	철제 용두 은도금 등자 3	육군박물관 무기 39종	62_육군박물관_철제 용두 은도금 등자_062018-1.fbx	imported_direct_fbx	SM_CM_Object_205	HanokAssets/CultureMetaverse/Props/ObjectDirectFBX/SM_CM_Object_205/SM_CM_Object_205	https://www.culture.go.kr/datametaverse/bbs/board.php?bo_table=object&wr_id=205	https://www.culture.go.kr/datametaverse/data/file/object/62_육군박물관_철제 용두 은도금 등자_062018-1.fbx
206	철제 용두 은도금 등자 4	육군박물관 무기 39종	62_육군박물관_철제 용두 은도금 등자_062018-2.fbx	imported_direct_fbx	SM_CM_Object_206	HanokAssets/CultureMetaverse/Props/ObjectDirectFBX/SM_CM_Object_206/SM_CM_Object_206	https://www.culture.go.kr/datametaverse/bbs/board.php?bo_table=object&wr_id=206	https://www.culture.go.kr/datametaverse/data/file/object/62_육군박물관_철제 용두 은도금 등자_062018-2.fbx
207	청자마상배	육군박물관 무기 39종	64_육군박물관_청자마상배_063027.fbx	imported_direct_fbx	SM_CM_Object_207	HanokAssets/CultureMetaverse/Props/ObjectDirectFBX/SM_CM_Object_207/SM_CM_Object_207	https://www.culture.go.kr/datametaverse/bbs/board.php?bo_table=object&wr_id=207	https://www.culture.go.kr/datametaverse/data/file/object/64_육군박물관_청자마상배_063027.fbx
208	어마요령	육군박물관 무기 39종	67_육군박물관_어마요령_063028.fbx	imported_direct_fbx	SM_CM_Object_208	HanokAssets/CultureMetaverse/Props/ObjectDirectFBX/SM_CM_Object_208/SM_CM_Object_208	https://www.culture.go.kr/datametaverse/bbs/board.php?bo_table=object&wr_id=208	https://www.culture.go.kr/datametaverse/data/file/object/67_육군박물관_어마요령_063028.fbx
209	홍천 괘석리 사사자 삼층석탑(보물)	강원도문화재연구소 석탑 9종	01_홍천 괘석리 사사자 삼층석탑(보물).fbx	imported_direct_fbx	SM_CM_Object_209	HanokAssets/CultureMetaverse/Props/ObjectDirectFBX/SM_CM_Object_209/SM_CM_Object_209	https://www.culture.go.kr/datametaverse/bbs/board.php?bo_table=object&wr_id=209	https://www.culture.go.kr/datametaverse/data/file/object/01_홍천 괘석리 사사자 삼층석탑(보물).fbx
210	홍천 희망리 삼층석탑(보물)	강원도문화재연구소 석탑 9종	02_홍천 희망리 삼층석탑(보물).fbx	imported_direct_fbx	SM_CM_Object_210	HanokAssets/CultureMetaverse/Props/ObjectDirectFBX/SM_CM_Object_210/SM_CM_Object_210	https://www.culture.go.kr/datametaverse/bbs/board.php?bo_table=object&wr_id=210	https://www.culture.go.kr/datametaverse/data/file/object/02_홍천 희망리 삼층석탑(보물).fbx
211	홍천 희망리 당간지주(보물)	강원도문화재연구소 석탑 9종	03_홍천 희망리 당간지주(보물).fbx	imported_direct_fbx	SM_CM_Object_211	HanokAssets/CultureMetaverse/Props/ObjectDirectFBX/SM_CM_Object_211/SM_CM_Object_211	https://www.culture.go.kr/datametaverse/bbs/board.php?bo_table=object&wr_id=211	https://www.culture.go.kr/datametaverse/data/file/object/03_홍천 희망리 당간지주(보물).fbx
212	홍천물걸리 석조여래좌상(보 541)	강원도문화재연구소 석탑 9종	04-1_홍천물걸리 석조여래좌상(보 541).fbx	imported_direct_fbx	SM_CM_Object_212	HanokAssets/CultureMetaverse/Props/ObjectDirectFBX/SM_CM_Object_212/SM_CM_Object_212	https://www.culture.go.kr/datametaverse/bbs/board.php?bo_table=object&wr_id=212	https://www.culture.go.kr/datametaverse/data/file/object/04-1_홍천물걸리 석조여래좌상(보 541).fbx
213	홍천물걸리 석조비로자나불좌상(보 542)	강원도문화재연구소 석탑 9종	04-2_홍천물걸리 석조비로자나불좌상(보 542).fbx	imported_direct_fbx	SM_CM_Object_213	HanokAssets/CultureMetaverse/Props/ObjectDirectFBX/SM_CM_Object_213/SM_CM_Object_213	https://www.culture.go.kr/datametaverse/bbs/board.php?bo_table=object&wr_id=213	https://www.culture.go.kr/datametaverse/data/file/object/04-2_홍천물걸리 석조비로자나불좌상(보 542).fbx
214	홍천물걸리 석조대좌(보 543)	강원도문화재연구소 석탑 9종	04-3_홍천물걸리 석조대좌(보 543).fbx	imported_direct_fbx	SM_CM_Object_214	HanokAssets/CultureMetaverse/Props/ObjectDirectFBX/SM_CM_Object_214/SM_CM_Object_214	https://www.culture.go.kr/datametaverse/bbs/board.php?bo_table=object&wr_id=214	https://www.culture.go.kr/datametaverse/data/file/object/04-3_홍천물걸리 석조대좌(보 543).fbx
215	홍천 물걸리 석조대좌 및 광배	강원도문화재연구소 석탑 9종	04-4_홍천 물걸리 석조대좌 및 광배.fbx	imported_direct_fbx	SM_CM_Object_215	HanokAssets/CultureMetaverse/Props/ObjectDirectFBX/SM_CM_Object_215/SM_CM_Object_215	https://www.culture.go.kr/datametaverse/bbs/board.php?bo_table=object&wr_id=215	https://www.culture.go.kr/datametaverse/data/file/object/04-4_홍천 물걸리 석조대좌 및 광배.fbx
216	홍천물걸리 대좌편1	강원도문화재연구소 석탑 9종	04-5_홍천물걸리 대좌편1.fbx	imported_direct_fbx	SM_CM_Object_216	HanokAssets/CultureMetaverse/Props/ObjectDirectFBX/SM_CM_Object_216/SM_CM_Object_216	https://www.culture.go.kr/datametaverse/bbs/board.php?bo_table=object&wr_id=216	https://www.culture.go.kr/datametaverse/data/file/object/04-5_홍천물걸리 대좌편1.fbx
217	홍천물걸리 대좌편2	강원도문화재연구소 석탑 9종	04-6_홍천물걸리 대좌편2.fbx	imported_direct_fbx	SM_CM_Object_217	HanokAssets/CultureMetaverse/Props/ObjectDirectFBX/SM_CM_Object_217/SM_CM_Object_217	https://www.culture.go.kr/datametaverse/bbs/board.php?bo_table=object&wr_id=217	https://www.culture.go.kr/datametaverse/data/file/object/04-6_홍천물걸리 대좌편2.fbx
218	홍천물걸리 대좌편3	강원도문화재연구소 석탑 9종	04-7_홍천물걸리 대좌편3.fbx	imported_direct_fbx	SM_CM_Object_218	HanokAssets/CultureMetaverse/Props/ObjectDirectFBX/SM_CM_Object_218/SM_CM_Object_218	https://www.culture.go.kr/datametaverse/bbs/board.php?bo_table=object&wr_id=218	https://www.culture.go.kr/datametaverse/data/file/object/04-7_홍천물걸리 대좌편3.fbx
219	홍천물걸리 대좌편 4(국립춘천박물관 소장)	강원도문화재연구소 석탑 9종	04-8_홍천물걸리 대좌편 4(국립춘천박물관 소장).fbx	imported_direct_fbx	SM_CM_Object_219	HanokAssets/CultureMetaverse/Props/ObjectDirectFBX/SM_CM_Object_219/SM_CM_Object_219	https://www.culture.go.kr/datametaverse/bbs/board.php?bo_table=object&wr_id=219	https://www.culture.go.kr/datametaverse/data/file/object/04-8_홍천물걸리 대좌편 4(국립춘천박물관 소장).fbx
220	홍천물걸리 광배편	강원도문화재연구소 석탑 9종	04-9_홍천물걸리 광배편.fbx	imported_direct_fbx	SM_CM_Object_220	HanokAssets/CultureMetaverse/Props/ObjectDirectFBX/SM_CM_Object_220/SM_CM_Object_220	https://www.culture.go.kr/datametaverse/bbs/board.php?bo_table=object&wr_id=220	https://www.culture.go.kr/datametaverse/data/file/object/04-9_홍천물걸리 광배편.fbx
221	홍천 물걸리 석조대좌(보물)	강원도문화재연구소 석탑 9종	05_홍천 물걸리 석조대좌(보물).fbx	imported_direct_fbx	SM_CM_Object_221	HanokAssets/CultureMetaverse/Props/ObjectDirectFBX/SM_CM_Object_221/SM_CM_Object_221	https://www.culture.go.kr/datametaverse/bbs/board.php?bo_table=object&wr_id=221	https://www.culture.go.kr/datametaverse/data/file/object/05_홍천 물걸리 석조대좌(보물).fbx
222	홍천 물걸리 석조대좌 및 광배(보물)	강원도문화재연구소 석탑 9종	06_홍천 물걸리 석조대좌 및 광배(보물).fbx	imported_direct_fbx	SM_CM_Object_222	HanokAssets/CultureMetaverse/Props/ObjectDirectFBX/SM_CM_Object_222/SM_CM_Object_222	https://www.culture.go.kr/datametaverse/bbs/board.php?bo_table=object&wr_id=222	https://www.culture.go.kr/datametaverse/data/file/object/06_홍천 물걸리 석조대좌 및 광배(보물).fbx
223	홍천 물걸리 석조비로자나불좌상(보물)	강원도문화재연구소 석탑 9종	07_홍천 물걸리 석조비로자나불좌상(보물).fbx	imported_direct_fbx	SM_CM_Object_223	HanokAssets/CultureMetaverse/Props/ObjectDirectFBX/SM_CM_Object_223/SM_CM_Object_223	https://www.culture.go.kr/datametaverse/bbs/board.php?bo_table=object&wr_id=223	https://www.culture.go.kr/datametaverse/data/file/object/07_홍천 물걸리 석조비로자나불좌상(보물).fbx
224	홍천 물걸리 삼층석탑(보물)	강원도문화재연구소 석탑 9종	08_홍천 물걸리 삼층석탑(보물).fbx	imported_direct_fbx	SM_CM_Object_224	HanokAssets/CultureMetaverse/Props/ObjectDirectFBX/SM_CM_Object_224/SM_CM_Object_224	https://www.culture.go.kr/datametaverse/bbs/board.php?bo_table=object&wr_id=224	https://www.culture.go.kr/datametaverse/data/file/object/08_홍천 물걸리 삼층석탑(보물).fbx
225	홍천 물걸리 석조여래좌상(보물)	강원도문화재연구소 석탑 9종	09_홍천 물걸리 석조여래좌상(보물).fbx	imported_direct_fbx	SM_CM_Object_225	HanokAssets/CultureMetaverse/Props/ObjectDirectFBX/SM_CM_Object_225/SM_CM_Object_225	https://www.culture.go.kr/datametaverse/bbs/board.php?bo_table=object&wr_id=225	https://www.culture.go.kr/datametaverse/data/file/object/09_홍천 물걸리 석조여래좌상(보물).fbx
226	창원의집 - 촛대	창원의집	창원의집-촛대.fbx	imported_direct_fbx	SM_CM_Object_226	HanokAssets/CultureMetaverse/Props/ObjectDirectFBX/SM_CM_Object_226/SM_CM_Object_226	https://www.culture.go.kr/datametaverse/bbs/board.php?bo_table=object&wr_id=226	https://www.culture.go.kr/datametaverse/data/file/object/창원의집-촛대.fbx
227	수원화성 홍이포	무기류	SM_Cannon.fbx	imported_direct_fbx	SM_CM_Object_227	HanokAssets/CultureMetaverse/Props/ObjectDirectFBX/SM_CM_Object_227/SM_CM_Object_227	https://www.culture.go.kr/datametaverse/bbs/board.php?bo_table=object&wr_id=227	https://www.culture.go.kr/datametaverse/data/file/object/SM_Cannon.fbx
228	수원화성 홍이포_부품1	무기류	SM_CannonParts_001.fbx	imported_direct_fbx	SM_CM_Object_228	HanokAssets/CultureMetaverse/Props/ObjectDirectFBX/SM_CM_Object_228/SM_CM_Object_228	https://www.culture.go.kr/datametaverse/bbs/board.php?bo_table=object&wr_id=228	https://www.culture.go.kr/datametaverse/data/file/object/SM_CannonParts_001.fbx
229	수원화성 홍이포_부품2	무기류	SM_CannonParts_002.fbx	imported_direct_fbx	SM_CM_Object_229	HanokAssets/CultureMetaverse/Props/ObjectDirectFBX/SM_CM_Object_229/SM_CM_Object_229	https://www.culture.go.kr/datametaverse/bbs/board.php?bo_table=object&wr_id=229	https://www.culture.go.kr/datametaverse/data/file/object/SM_CannonParts_002.fbx
230	수원화성 홍이포_부품3	무기류	SM_CannonParts_003.fbx	imported_direct_fbx	SM_CM_Object_230	HanokAssets/CultureMetaverse/Props/ObjectDirectFBX/SM_CM_Object_230/SM_CM_Object_230	https://www.culture.go.kr/datametaverse/bbs/board.php?bo_table=object&wr_id=230	https://www.culture.go.kr/datametaverse/data/file/object/SM_CannonParts_003.fbx
231	수원화성 장안위 영기	시설.장비류	SM_Flag_Wind_1.fbx	imported_direct_fbx	SM_CM_Object_231	HanokAssets/CultureMetaverse/Props/ObjectDirectFBX/SM_CM_Object_231/SM_CM_Object_231	https://www.culture.go.kr/datametaverse/bbs/board.php?bo_table=object&wr_id=231	https://www.culture.go.kr/datametaverse/data/file/object/SM_Flag_Wind_1.fbx
232	수원화성 장안위 순시기	시설.장비류	SM_Flag_Wind_2.fbx	imported_direct_fbx	SM_CM_Object_232	HanokAssets/CultureMetaverse/Props/ObjectDirectFBX/SM_CM_Object_232/SM_CM_Object_232	https://www.culture.go.kr/datametaverse/bbs/board.php?bo_table=object&wr_id=232	https://www.culture.go.kr/datametaverse/data/file/object/SM_Flag_Wind_2.fbx
233	수원화성 장안위 깃발	시설.장비류	SM_Flag_Wind_3.fbx	imported_direct_fbx	SM_CM_Object_233	HanokAssets/CultureMetaverse/Props/ObjectDirectFBX/SM_CM_Object_233/SM_CM_Object_233	https://www.culture.go.kr/datametaverse/bbs/board.php?bo_table=object&wr_id=233	https://www.culture.go.kr/datametaverse/data/file/object/SM_Flag_Wind_3.fbx
234	수원화성 팔달위 영기	시설.장비류	SM_Flag_Wind_4.fbx	imported_direct_fbx	SM_CM_Object_234	HanokAssets/CultureMetaverse/Props/ObjectDirectFBX/SM_CM_Object_234/SM_CM_Object_234	https://www.culture.go.kr/datametaverse/bbs/board.php?bo_table=object&wr_id=234	https://www.culture.go.kr/datametaverse/data/file/object/SM_Flag_Wind_4.fbx
235	수원화성 팔달위 순시기	시설.장비류	SM_Flag_Wind_5.fbx	imported_direct_fbx	SM_CM_Object_235	HanokAssets/CultureMetaverse/Props/ObjectDirectFBX/SM_CM_Object_235/SM_CM_Object_235	https://www.culture.go.kr/datametaverse/bbs/board.php?bo_table=object&wr_id=235	https://www.culture.go.kr/datametaverse/data/file/object/SM_Flag_Wind_5.fbx
236	수원화성 팔달위 깃발	시설.장비류	SM_Flag_Wind_6.fbx	imported_direct_fbx	SM_CM_Object_236	HanokAssets/CultureMetaverse/Props/ObjectDirectFBX/SM_CM_Object_236/SM_CM_Object_236	https://www.culture.go.kr/datametaverse/bbs/board.php?bo_table=object&wr_id=236	https://www.culture.go.kr/datametaverse/data/file/object/SM_Flag_Wind_6.fbx
237	상인 여자 의복	의복류	SM_MerchantCloth_Female.fbx	represented_by_merchant_environment_fbx			https://www.culture.go.kr/datametaverse/bbs/board.php?bo_table=object&wr_id=237	https://www.culture.go.kr/datametaverse/data/file/object/SM_MerchantCloth_Female.fbx	Loaded from MerchantAndEnvironment source FBX.
238	상인 남자 의복	의복류	SM_MerchantCloth_Male.fbx	represented_by_merchant_environment_fbx			https://www.culture.go.kr/datametaverse/bbs/board.php?bo_table=object&wr_id=238	https://www.culture.go.kr/datametaverse/data/file/object/SM_MerchantCloth_Male.fbx	Loaded from MerchantAndEnvironment source FBX.
239	상인 여자 저고리	의복류	SM_Jeogori_Female.fbx	represented_by_merchant_environment_fbx			https://www.culture.go.kr/datametaverse/bbs/board.php?bo_table=object&wr_id=239	https://www.culture.go.kr/datametaverse/data/file/object/SM_Jeogori_Female.fbx	Loaded from MerchantAndEnvironment source FBX.
240	상인 남자 저고리	의복류	SM_Jeogori_Male.fbx	represented_by_merchant_environment_fbx			https://www.culture.go.kr/datametaverse/bbs/board.php?bo_table=object&wr_id=240	https://www.culture.go.kr/datametaverse/data/file/object/SM_Jeogori_Male.fbx	Loaded from MerchantAndEnvironment source FBX.
241	상인 여자 치마	의복류	SM_Skirt_Female.fbx	represented_by_merchant_environment_fbx			https://www.culture.go.kr/datametaverse/bbs/board.php?bo_table=object&wr_id=241	https://www.culture.go.kr/datametaverse/data/file/object/SM_Skirt_Female.fbx	Loaded from MerchantAndEnvironment source FBX.
242	상인 남자 바지	의복류	SM_Pants_Male.fbx	represented_by_merchant_environment_fbx			https://www.culture.go.kr/datametaverse/bbs/board.php?bo_table=object&wr_id=242	https://www.culture.go.kr/datametaverse/data/file/object/SM_Pants_Male.fbx	Loaded from MerchantAndEnvironment source FBX.
243	상인 남자 행전	의복류	SM_AnkleBands_Male.fbx	represented_by_merchant_environment_fbx			https://www.culture.go.kr/datametaverse/bbs/board.php?bo_table=object&wr_id=243	https://www.culture.go.kr/datametaverse/data/file/object/SM_AnkleBands_Male.fbx	Loaded from MerchantAndEnvironment source FBX.
244	상인 여자 앞치마	의복류	SM_FrontSkirt_Female.fbx	represented_by_merchant_environment_fbx			https://www.culture.go.kr/datametaverse/bbs/board.php?bo_table=object&wr_id=244	https://www.culture.go.kr/datametaverse/data/file/object/SM_FrontSkirt_Female.fbx	Loaded from MerchantAndEnvironment source FBX.
245	상인 여자 속바지	의복류	SM_Pants_Female.fbx	represented_by_merchant_environment_fbx			https://www.culture.go.kr/datametaverse/bbs/board.php?bo_table=object&wr_id=245	https://www.culture.go.kr/datametaverse/data/file/object/SM_Pants_Female.fbx	Loaded from MerchantAndEnvironment source FBX.
246	상인 남자 패랭이	의복류	SM_StrawHat_Male.fbx	represented_by_merchant_environment_fbx			https://www.culture.go.kr/datametaverse/bbs/board.php?bo_table=object&wr_id=246	https://www.culture.go.kr/datametaverse/data/file/object/SM_StrawHat_Male.fbx	Loaded from MerchantAndEnvironment source FBX.
247	상인 남자 머리띠	의복류	SM_Headband_Male.fbx	represented_by_merchant_environment_fbx			https://www.culture.go.kr/datametaverse/bbs/board.php?bo_table=object&wr_id=247	https://www.culture.go.kr/datametaverse/data/file/object/SM_Headband_Male.fbx	Loaded from MerchantAndEnvironment source FBX.
248	상인 남자 짚신	의복류	SM_Shoes_Male.fbx	represented_by_merchant_environment_fbx			https://www.culture.go.kr/datametaverse/bbs/board.php?bo_table=object&wr_id=248	https://www.culture.go.kr/datametaverse/data/file/object/SM_Shoes_Male.fbx	Loaded from MerchantAndEnvironment source FBX.
249	상인 여자 짚신	의복류	SM_Shoes_Female.fbx	represented_by_merchant_environment_fbx			https://www.culture.go.kr/datametaverse/bbs/board.php?bo_table=object&wr_id=249	https://www.culture.go.kr/datametaverse/data/file/object/SM_Shoes_Female.fbx	Loaded from MerchantAndEnvironment source FBX.
250	상인 남자 버선	의복류	SM_TraditionalSocks_male.fbx	represented_by_merchant_environment_fbx			https://www.culture.go.kr/datametaverse/bbs/board.php?bo_table=object&wr_id=250	https://www.culture.go.kr/datametaverse/data/file/object/SM_TraditionalSocks_male.fbx	Loaded from MerchantAndEnvironment source FBX.
251	상인 여자 버선	의복류	SM_TraditionalSocks_Female.fbx	represented_by_merchant_environment_fbx			https://www.culture.go.kr/datametaverse/bbs/board.php?bo_table=object&wr_id=251	https://www.culture.go.kr/datametaverse/data/file/object/SM_TraditionalSocks_Female.fbx	Loaded from MerchantAndEnvironment source FBX.
252	상인 여자 가슴가리개	의복류	SM_ChestCover_Female.fbx	represented_by_merchant_environment_fbx			https://www.culture.go.kr/datametaverse/bbs/board.php?bo_table=object&wr_id=252	https://www.culture.go.kr/datametaverse/data/file/object/SM_ChestCover_Female.fbx	Loaded from MerchantAndEnvironment source FBX.
253	상인 남자 등짐	의복류	SM_Backpack_Male.fbx	represented_by_merchant_environment_fbx			https://www.culture.go.kr/datametaverse/bbs/board.php?bo_table=object&wr_id=253	https://www.culture.go.kr/datametaverse/data/file/object/SM_Backpack_Male.fbx	Loaded from MerchantAndEnvironment source FBX.
254	수원화성행궁 소나무	자연물	SM_FineTree.fbx	represented_by_merchant_environment_fbx			https://www.culture.go.kr/datametaverse/bbs/board.php?bo_table=object&wr_id=254	https://www.culture.go.kr/datametaverse/data/file/object/SM_FineTree.fbx	Loaded from MerchantAndEnvironment source FBX.
255	수원화성행궁 버드나무	자연물	SM_WIllowTree.fbx	represented_by_merchant_environment_fbx			https://www.culture.go.kr/datametaverse/bbs/board.php?bo_table=object&wr_id=255	https://www.culture.go.kr/datametaverse/data/file/object/SM_WIllowTree.fbx	Loaded from MerchantAndEnvironment source FBX.
